key,pr_mm/yr
Austria1901,1052.84
Austria1902,1061.55
Austria1903,1201.34
Austria1904,1146.14
Austria1905,1127.85
Austria1906,1211.06
Austria1907,1101.37
Austria1908,880.41
Austria1909,1146.83
Austria1910,1372.85
Austria1911,971.84
Austria1912,1218.48
Austria1913,1182.65
Austria1914,1146.88
Austria1915,1214.89
Austria1916,1331.02
Austria1917,1011.97
Austria1918,1169.24
Austria1919,1193.82
Austria1920,1078.41
Austria1921,883.22
Austria1922,1218.15
Austria1923,1178.92
Austria1924,1001.62
Austria1925,1174.19
Austria1926,1272.44
Austria1927,1115.89
Austria1928,1112.49
Austria1929,952.2
Austria1930,1128.88
Austria1931,1100.92
Austria1932,906.68
Austria1933,1221.19
Austria1934,1020.52
Austria1935,1139.37
Austria1936,1157.11
Austria1937,1329.22
Austria1938,1012.57
Austria1939,1160.48
Austria1940,1111.45
Austria1941,1193.58
Austria1942,955.56
Austria1943,961.45
Austria1944,1306.63
Austria1945,1027.72
Austria1946,985.91
Austria1947,947.52
Austria1948,1156.18
Austria1949,1060.86
Austria1950,1094.36
Austria1951,1093.38
Austria1952,1146.16
Austria1953,912.84
Austria1954,1290.03
Austria1955,1117.25
Austria1956,1155.02
Austria1957,1079.99
Austria1958,1247.48
Austria1959,1076.78
Austria1960,1165.66
Austria1961,1027.48
Austria1962,1137.23
Austria1963,977.89
Austria1964,1149.87
Austria1965,1316.39
Austria1966,1301.04
Austria1967,1041.4
Austria1968,1012.92
Austria1969,989.2
Austria1970,1222.33
Austria1971,818.44
Austria1972,1098.63
Austria1973,1026.19
Austria1974,1132.9
Austria1975,1088.17
Austria1976,994.26
Austria1977,1034.23
Austria1978,974.93
Austria1979,1285.02
Austria1980,1078.03
Austria1981,1095.97
Austria1982,1032.12
Austria1983,942.37
Austria1984,978.45
Austria1985,1128.86
Austria1986,996.72
Austria1987,1181.42
Austria1988,1117.44
Austria1989,1051.32
Austria1990,1109.5
Austria1991,1080.48
Austria1992,1066.12
Austria1993,1049.61
Austria1994,1029.76
Austria1995,1144.6
Austria1996,1182.63
Austria1997,1067.58
Austria1998,1109.68
Austria1999,1172.43
Austria2000,1171.79
Austria2001,1058.36
Austria2002,1212.56
Austria2003,891.8
Austria2004,1080.3
Austria2005,1125.97
Austria2006,1043.76
Austria2007,1164.0
Austria2008,1097.08
Austria2009,1223.73
Austria2010,1158.11
Austria2011,947.19
Austria2012,1126.57
Austria2013,1167.4
Austria2014,1242.28
Austria2015,1076.54
Austria2016,1346.71
Austria2017,1271.81
Austria2018,1099.63
Austria2019,1188.97
Austria2020,1279.32
Austria2021,1090.11
Belgium1901,702.0
Belgium1902,747.48
Belgium1903,900.16
Belgium1904,679.13
Belgium1905,857.02
Belgium1906,840.78
Belgium1907,690.42
Belgium1908,732.12
Belgium1909,864.58
Belgium1910,1018.47
Belgium1911,715.69
Belgium1912,907.4
Belgium1913,838.54
Belgium1914,909.08
Belgium1915,965.17
Belgium1916,998.85
Belgium1917,844.34
Belgium1918,889.77
Belgium1919,912.36
Belgium1920,762.24
Belgium1921,452.18
Belgium1922,924.05
Belgium1923,956.21
Belgium1924,888.71
Belgium1925,1062.41
Belgium1926,894.74
Belgium1927,877.42
Belgium1928,883.73
Belgium1929,706.82
Belgium1930,1010.76
Belgium1931,880.43
Belgium1932,862.42
Belgium1933,667.23
Belgium1934,738.9
Belgium1935,937.92
Belgium1936,866.05
Belgium1937,945.05
Belgium1938,818.24
Belgium1939,1030.46
Belgium1940,912.19
Belgium1941,847.4
Belgium1942,852.27
Belgium1943,835.82
Belgium1944,968.12
Belgium1945,848.07
Belgium1946,919.92
Belgium1947,789.94
Belgium1948,977.12
Belgium1949,690.84
Belgium1950,1004.44
Belgium1951,1019.32
Belgium1952,1094.23
Belgium1953,636.9
Belgium1954,906.51
Belgium1955,753.88
Belgium1956,885.66
Belgium1957,928.93
Belgium1958,995.59
Belgium1959,619.68
Belgium1960,1004.74
Belgium1961,1009.77
Belgium1962,862.66
Belgium1963,758.84
Belgium1964,776.27
Belgium1965,1136.09
Belgium1966,1156.2
Belgium1967,816.65
Belgium1968,833.33
Belgium1969,827.96
Belgium1970,876.32
Belgium1971,672.8
Belgium1972,778.64
Belgium1973,742.96
Belgium1974,1076.7
Belgium1975,757.36
Belgium1976,577.93
Belgium1977,920.07
Belgium1978,796.6
Belgium1979,944.97
Belgium1980,967.63
Belgium1981,1098.78
Belgium1982,901.74
Belgium1983,873.67
Belgium1984,999.42
Belgium1985,795.0
Belgium1986,973.89
Belgium1987,1011.53
Belgium1988,1063.21
Belgium1989,794.07
Belgium1990,812.62
Belgium1991,780.89
Belgium1992,909.86
Belgium1993,964.68
Belgium1994,935.11
Belgium1995,864.99
Belgium1996,661.51
Belgium1997,812.12
Belgium1998,1038.73
Belgium1999,988.99
Belgium2000,1043.98
Belgium2001,1088.7
Belgium2002,1033.0
Belgium2003,730.79
Belgium2004,882.16
Belgium2005,867.01
Belgium2006,891.7
Belgium2007,988.59
Belgium2008,936.48
Belgium2009,885.15
Belgium2010,910.47
Belgium2011,795.14
Belgium2012,1001.32
Belgium2013,887.03
Belgium2014,894.0
Belgium2015,845.68
Belgium2016,951.0
Belgium2017,880.52
Belgium2018,777.59
Belgium2019,873.99
Belgium2020,845.66
Belgium2021,986.24
Bulgaria1901,745.45
Bulgaria1902,604.44
Bulgaria1903,552.47
Bulgaria1904,524.68
Bulgaria1905,614.19
Bulgaria1906,669.61
Bulgaria1907,482.8
Bulgaria1908,560.97
Bulgaria1909,658.06
Bulgaria1910,625.14
Bulgaria1911,574.61
Bulgaria1912,744.04
Bulgaria1913,585.76
Bulgaria1914,727.44
Bulgaria1915,789.78
Bulgaria1916,598.16
Bulgaria1917,619.96
Bulgaria1918,646.71
Bulgaria1919,817.75
Bulgaria1920,663.78
Bulgaria1921,570.05
Bulgaria1922,644.92
Bulgaria1923,644.73
Bulgaria1924,643.33
Bulgaria1925,702.51
Bulgaria1926,529.0
Bulgaria1927,644.42
Bulgaria1928,599.39
Bulgaria1929,674.19
Bulgaria1930,612.3
Bulgaria1931,717.5
Bulgaria1932,472.88
Bulgaria1933,725.49
Bulgaria1934,512.37
Bulgaria1935,622.84
Bulgaria1936,687.33
Bulgaria1937,790.95
Bulgaria1938,590.16
Bulgaria1939,724.43
Bulgaria1940,843.25
Bulgaria1941,725.15
Bulgaria1942,598.81
Bulgaria1943,607.79
Bulgaria1944,758.51
Bulgaria1945,456.75
Bulgaria1946,575.3
Bulgaria1947,584.09
Bulgaria1948,491.87
Bulgaria1949,595.61
Bulgaria1950,489.34
Bulgaria1951,619.59
Bulgaria1952,656.4
Bulgaria1953,567.91
Bulgaria1954,750.94
Bulgaria1955,833.75
Bulgaria1956,735.99
Bulgaria1957,706.86
Bulgaria1958,524.24
Bulgaria1959,664.97
Bulgaria1960,759.08
Bulgaria1961,641.08
Bulgaria1962,649.86
Bulgaria1963,677.08
Bulgaria1964,629.78
Bulgaria1965,554.26
Bulgaria1966,832.71
Bulgaria1967,575.66
Bulgaria1968,601.49
Bulgaria1969,688.87
Bulgaria1970,660.45
Bulgaria1971,750.37
Bulgaria1972,661.15
Bulgaria1973,668.34
Bulgaria1974,597.84
Bulgaria1975,729.63
Bulgaria1976,666.02
Bulgaria1977,617.57
Bulgaria1978,689.14
Bulgaria1979,772.55
Bulgaria1980,717.56
Bulgaria1981,657.96
Bulgaria1982,577.24
Bulgaria1983,585.3
Bulgaria1984,597.5
Bulgaria1985,464.42
Bulgaria1986,529.73
Bulgaria1987,655.61
Bulgaria1988,593.35
Bulgaria1989,543.31
Bulgaria1990,496.61
Bulgaria1991,659.11
Bulgaria1992,522.96
Bulgaria1993,499.08
Bulgaria1994,588.92
Bulgaria1995,773.37
Bulgaria1996,629.84
Bulgaria1997,702.38
Bulgaria1998,737.18
Bulgaria1999,686.12
Bulgaria2000,433.63
Bulgaria2001,552.33
Bulgaria2002,703.82
Bulgaria2003,615.62
Bulgaria2004,630.66
Bulgaria2005,808.69
Bulgaria2006,679.76
Bulgaria2007,694.18
Bulgaria2008,510.9
Bulgaria2009,751.01
Bulgaria2010,787.21
Bulgaria2011,532.72
Bulgaria2012,663.29
Bulgaria2013,604.88
Bulgaria2014,949.68
Bulgaria2015,754.09
Bulgaria2016,693.42
Bulgaria2017,760.61
Bulgaria2018,718.75
Bulgaria2019,562.68
Bulgaria2020,629.39
Bulgaria2021,809.23
Cyprus1901,282.61
Cyprus1902,517.09
Cyprus1903,408.41
Cyprus1904,586.08
Cyprus1905,513.32
Cyprus1906,644.43
Cyprus1907,562.38
Cyprus1908,607.02
Cyprus1909,533.54
Cyprus1910,544.38
Cyprus1911,759.56
Cyprus1912,507.32
Cyprus1913,592.03
Cyprus1914,536.89
Cyprus1915,301.05
Cyprus1916,520.27
Cyprus1917,493.21
Cyprus1918,645.98
Cyprus1919,507.89
Cyprus1920,573.83
Cyprus1921,607.87
Cyprus1922,490.95
Cyprus1923,522.13
Cyprus1924,618.23
Cyprus1925,343.03
Cyprus1926,679.84
Cyprus1927,397.93
Cyprus1928,522.87
Cyprus1929,562.17
Cyprus1930,505.52
Cyprus1931,462.16
Cyprus1932,291.65
Cyprus1933,284.62
Cyprus1934,520.95
Cyprus1935,584.72
Cyprus1936,517.85
Cyprus1937,410.53
Cyprus1938,599.35
Cyprus1939,469.5
Cyprus1940,565.47
Cyprus1941,402.86
Cyprus1942,522.37
Cyprus1943,477.76
Cyprus1944,589.94
Cyprus1945,444.89
Cyprus1946,454.4
Cyprus1947,510.54
Cyprus1948,497.39
Cyprus1949,563.98
Cyprus1950,404.38
Cyprus1951,462.68
Cyprus1952,578.16
Cyprus1953,506.82
Cyprus1954,586.04
Cyprus1955,405.41
Cyprus1956,418.49
Cyprus1957,459.46
Cyprus1958,396.51
Cyprus1959,382.54
Cyprus1960,367.17
Cyprus1961,594.81
Cyprus1962,528.59
Cyprus1963,437.93
Cyprus1964,441.8
Cyprus1965,491.28
Cyprus1966,528.28
Cyprus1967,562.35
Cyprus1968,639.28
Cyprus1969,534.73
Cyprus1970,436.26
Cyprus1971,433.87
Cyprus1972,304.5
Cyprus1973,296.02
Cyprus1974,425.0
Cyprus1975,573.95
Cyprus1976,538.75
Cyprus1977,396.01
Cyprus1978,582.3
Cyprus1979,472.85
Cyprus1980,439.5
Cyprus1981,634.56
Cyprus1982,355.96
Cyprus1983,493.67
Cyprus1984,496.05
Cyprus1985,438.21
Cyprus1986,392.76
Cyprus1987,553.7
Cyprus1988,635.07
Cyprus1989,349.46
Cyprus1990,295.8
Cyprus1991,606.62
Cyprus1992,431.3
Cyprus1993,350.51
Cyprus1994,601.63
Cyprus1995,300.39
Cyprus1996,489.34
Cyprus1997,428.3
Cyprus1998,436.18
Cyprus1999,290.49
Cyprus2000,493.39
Cyprus2001,505.94
Cyprus2002,438.03
Cyprus2003,585.69
Cyprus2004,500.05
Cyprus2005,389.97
Cyprus2006,368.42
Cyprus2007,443.22
Cyprus2008,278.42
Cyprus2009,613.16
Cyprus2010,418.97
Cyprus2011,515.79
Cyprus2012,711.06
Cyprus2013,340.57
Cyprus2014,454.68
Cyprus2015,493.38
Cyprus2016,402.25
Cyprus2017,346.53
Cyprus2018,550.49
Cyprus2019,630.67
Cyprus2020,485.64
Cyprus2021,407.53
Czechia1901,644.96
Czechia1902,644.66
Czechia1903,767.25
Czechia1904,612.23
Czechia1905,653.02
Czechia1906,771.74
Czechia1907,676.8
Czechia1908,562.31
Czechia1909,765.83
Czechia1910,864.25
Czechia1911,592.87
Czechia1912,782.04
Czechia1913,682.13
Czechia1914,668.89
Czechia1915,822.68
Czechia1916,797.12
Czechia1917,562.85
Czechia1918,721.87
Czechia1919,792.21
Czechia1920,723.78
Czechia1921,549.07
Czechia1922,770.33
Czechia1923,685.84
Czechia1924,602.99
Czechia1925,769.13
Czechia1926,808.8
Czechia1927,669.34
Czechia1928,672.57
Czechia1929,614.92
Czechia1930,748.11
Czechia1931,679.54
Czechia1932,551.65
Czechia1933,617.29
Czechia1934,597.13
Czechia1935,649.22
Czechia1936,708.76
Czechia1937,791.56
Czechia1938,714.72
Czechia1939,867.04
Czechia1940,740.58
Czechia1941,883.32
Czechia1942,596.45
Czechia1943,549.36
Czechia1944,832.2
Czechia1945,709.19
Czechia1946,711.23
Czechia1947,594.02
Czechia1948,672.9
Czechia1949,664.01
Czechia1950,722.48
Czechia1951,639.36
Czechia1952,703.93
Czechia1953,535.53
Czechia1954,726.26
Czechia1955,729.89
Czechia1956,696.53
Czechia1957,660.35
Czechia1958,777.2
Czechia1959,594.03
Czechia1960,734.07
Czechia1961,637.1
Czechia1962,648.42
Czechia1963,602.41
Czechia1964,656.72
Czechia1965,779.54
Czechia1966,831.08
Czechia1967,668.19
Czechia1968,685.66
Czechia1969,584.09
Czechia1970,766.11
Czechia1971,592.82
Czechia1972,634.65
Czechia1973,555.12
Czechia1974,758.14
Czechia1975,650.27
Czechia1976,619.83
Czechia1977,748.7
Czechia1978,590.63
Czechia1979,721.93
Czechia1980,674.46
Czechia1981,761.74
Czechia1982,533.49
Czechia1983,585.38
Czechia1984,633.02
Czechia1985,694.13
Czechia1986,660.95
Czechia1987,738.25
Czechia1988,681.84
Czechia1989,580.28
Czechia1990,585.09
Czechia1991,582.88
Czechia1992,596.83
Czechia1993,631.77
Czechia1994,611.9
Czechia1995,730.78
Czechia1996,679.09
Czechia1997,676.42
Czechia1998,684.17
Czechia1999,643.06
Czechia2000,653.05
Czechia2001,750.03
Czechia2002,795.27
Czechia2003,508.32
Czechia2004,645.77
Czechia2005,710.3
Czechia2006,670.97
Czechia2007,745.03
Czechia2008,639.33
Czechia2009,745.92
Czechia2010,860.45
Czechia2011,590.7
Czechia2012,663.21
Czechia2013,729.14
Czechia2014,720.67
Czechia2015,562.76
Czechia2016,731.13
Czechia2017,706.03
Czechia2018,573.49
Czechia2019,623.63
Czechia2020,722.5
Czechia2021,704.28
Germany1901,679.26
Germany1902,670.15
Germany1903,714.35
Germany1904,627.67
Germany1905,724.76
Germany1906,712.98
Germany1907,644.51
Germany1908,630.17
Germany1909,733.81
Germany1910,801.88
Germany1911,555.92
Germany1912,786.51
Germany1913,688.06
Germany1914,760.06
Germany1915,737.04
Germany1916,803.38
Germany1917,674.17
Germany1918,705.15
Germany1919,713.14
Germany1920,671.26
Germany1921,534.28
Germany1922,830.8
Germany1923,735.73
Germany1924,713.09
Germany1925,727.39
Germany1926,784.84
Germany1927,804.85
Germany1928,687.48
Germany1929,599.79
Germany1930,814.27
Germany1931,808.92
Germany1932,662.98
Germany1933,611.55
Germany1934,618.26
Germany1935,744.68
Germany1936,751.27
Germany1937,729.53
Germany1938,677.56
Germany1939,855.98
Germany1940,780.54
Germany1941,773.92
Germany1942,635.04
Germany1943,584.47
Germany1944,788.99
Germany1945,733.25
Germany1946,710.99
Germany1947,628.06
Germany1948,694.05
Germany1949,615.82
Germany1950,798.31
Germany1951,714.44
Germany1952,757.37
Germany1953,575.68
Germany1954,806.06
Germany1955,719.08
Germany1956,759.67
Germany1957,722.55
Germany1958,819.5
Germany1959,536.69
Germany1960,810.72
Germany1961,779.53
Germany1962,658.26
Germany1963,635.89
Germany1964,612.48
Germany1965,898.04
Germany1966,900.91
Germany1967,762.75
Germany1968,774.36
Germany1969,666.28
Germany1970,814.55
Germany1971,562.8
Germany1972,626.54
Germany1973,651.95
Germany1974,799.03
Germany1975,634.42
Germany1976,550.02
Germany1977,765.74
Germany1978,722.13
Germany1979,762.19
Germany1980,771.58
Germany1981,897.24
Germany1982,655.05
Germany1983,720.28
Germany1984,743.99
Germany1985,677.94
Germany1986,770.41
Germany1987,823.07
Germany1988,800.1
Germany1989,637.01
Germany1990,734.15
Germany1991,604.17
Germany1992,735.03
Germany1993,793.47
Germany1994,789.2
Germany1995,781.44
Germany1996,622.39
Germany1997,665.63
Germany1998,808.89
Germany1999,768.89
Germany2000,757.74
Germany2001,812.38
Germany2002,910.58
Germany2003,568.34
Germany2004,731.39
Germany2005,718.19
Germany2006,700.73
Germany2007,885.79
Germany2008,720.15
Germany2009,751.49
Germany2010,789.24
Germany2011,677.6
Germany2012,726.41
Germany2013,741.73
Germany2014,713.49
Germany2015,655.25
Germany2016,713.24
Germany2017,814.74
Germany2018,571.21
Germany2019,676.23
Germany2020,661.6
Germany2021,772.58
Denmark1901,623.28
Denmark1902,571.07
Denmark1903,751.23
Denmark1904,596.59
Denmark1905,678.88
Denmark1906,659.22
Denmark1907,640.02
Denmark1908,608.16
Denmark1909,714.16
Denmark1910,723.93
Denmark1911,706.23
Denmark1912,827.76
Denmark1913,574.85
Denmark1914,688.75
Denmark1915,659.09
Denmark1916,842.54
Denmark1917,699.51
Denmark1918,642.63
Denmark1919,621.93
Denmark1920,710.67
Denmark1921,641.42
Denmark1922,662.08
Denmark1923,796.99
Denmark1924,681.74
Denmark1925,701.07
Denmark1926,736.5
Denmark1927,902.04
Denmark1928,761.65
Denmark1929,655.36
Denmark1930,772.42
Denmark1931,699.62
Denmark1932,688.67
Denmark1933,536.4
Denmark1934,755.54
Denmark1935,771.98
Denmark1936,700.1
Denmark1937,696.73
Denmark1938,721.85
Denmark1939,676.59
Denmark1940,654.61
Denmark1941,597.35
Denmark1942,646.32
Denmark1943,668.53
Denmark1944,741.3
Denmark1945,751.62
Denmark1946,776.53
Denmark1947,497.18
Denmark1948,659.13
Denmark1949,716.7
Denmark1950,911.5
Denmark1951,846.97
Denmark1952,743.84
Denmark1953,655.76
Denmark1954,868.76
Denmark1955,602.44
Denmark1956,612.14
Denmark1957,687.89
Denmark1958,789.56
Denmark1959,546.94
Denmark1960,833.19
Denmark1961,781.05
Denmark1962,704.64
Denmark1963,717.85
Denmark1964,634.65
Denmark1965,760.78
Denmark1966,854.43
Denmark1967,864.92
Denmark1968,786.15
Denmark1969,649.51
Denmark1970,766.63
Denmark1971,615.55
Denmark1972,615.01
Denmark1973,624.15
Denmark1974,747.72
Denmark1975,528.47
Denmark1976,522.47
Denmark1977,686.74
Denmark1978,653.19
Denmark1979,760.03
Denmark1980,826.25
Denmark1981,843.02
Denmark1982,712.12
Denmark1983,725.17
Denmark1984,756.64
Denmark1985,775.46
Denmark1986,676.24
Denmark1987,738.77
Denmark1988,832.49
Denmark1989,606.71
Denmark1990,813.4
Denmark1991,647.19
Denmark1992,711.6
Denmark1993,740.45
Denmark1994,852.22
Denmark1995,652.42
Denmark1996,511.85
Denmark1997,599.7
Denmark1998,848.73
Denmark1999,868.42
Denmark2000,739.14
Denmark2001,732.97
Denmark2002,832.13
Denmark2003,613.88
Denmark2004,754.84
Denmark2005,637.9
Denmark2006,768.48
Denmark2007,852.31
Denmark2008,740.89
Denmark2009,705.84
Denmark2010,734.08
Denmark2011,807.5
Denmark2012,753.03
Denmark2013,683.79
Denmark2014,817.0
Denmark2015,855.88
Denmark2016,676.59
Denmark2017,958.44
Denmark2018,598.14
Denmark2019,847.19
Denmark2020,727.77
Denmark2021,733.99
Spain1901,699.9
Spain1902,695.13
Spain1903,587.65
Spain1904,614.72
Spain1905,559.53
Spain1906,626.5
Spain1907,615.79
Spain1908,603.08
Spain1909,613.58
Spain1910,655.97
Spain1911,655.97
Spain1912,524.22
Spain1913,618.21
Spain1914,633.54
Spain1915,729.77
Spain1916,645.83
Spain1917,595.57
Spain1918,597.45
Spain1919,762.56
Spain1920,591.91
Spain1921,553.82
Spain1922,597.22
Spain1923,593.85
Spain1924,567.16
Spain1925,608.8
Spain1926,644.71
Spain1927,674.46
Spain1928,614.94
Spain1929,588.02
Spain1930,652.16
Spain1931,551.84
Spain1932,730.25
Spain1933,669.98
Spain1934,569.55
Spain1935,603.48
Spain1936,890.86
Spain1937,751.75
Spain1938,520.39
Spain1939,700.07
Spain1940,685.61
Spain1941,766.14
Spain1942,674.2
Spain1943,641.04
Spain1944,502.37
Spain1945,496.57
Spain1946,649.78
Spain1947,735.59
Spain1948,590.03
Spain1949,572.15
Spain1950,503.3
Spain1951,793.89
Spain1952,634.97
Spain1953,534.29
Spain1954,495.26
Spain1955,765.95
Spain1956,647.63
Spain1957,580.03
Spain1958,626.15
Spain1959,813.68
Spain1960,878.73
Spain1961,685.32
Spain1962,716.12
Spain1963,857.94
Spain1964,552.16
Spain1965,671.76
Spain1966,677.98
Spain1967,559.67
Spain1968,629.98
Spain1969,866.66
Spain1970,557.26
Spain1971,753.19
Spain1972,815.77
Spain1973,523.58
Spain1974,583.7
Spain1975,629.43
Spain1976,709.81
Spain1977,774.76
Spain1978,662.88
Spain1979,761.51
Spain1980,563.21
Spain1981,547.63
Spain1982,602.59
Spain1983,538.16
Spain1984,664.34
Spain1985,564.41
Spain1986,563.58
Spain1987,720.33
Spain1988,617.03
Spain1989,749.25
Spain1990,527.39
Spain1991,566.39
Spain1992,568.24
Spain1993,607.67
Spain1994,521.81
Spain1995,547.02
Spain1996,852.63
Spain1997,817.73
Spain1998,509.53
Spain1999,603.06
Spain2000,663.27
Spain2001,614.29
Spain2002,715.4
Spain2003,730.99
Spain2004,599.73
Spain2005,468.28
Spain2006,649.59
Spain2007,588.88
Spain2008,689.68
Spain2009,619.67
Spain2010,829.65
Spain2011,545.81
Spain2012,535.49
Spain2013,699.14
Spain2014,650.58
Spain2015,498.11
Spain2016,658.8
Spain2017,479.59
Spain2018,794.36
Spain2019,580.81
Spain2020,628.35
Spain2021,632.75
Estonia1901,465.81
Estonia1902,681.5
Estonia1903,701.85
Estonia1904,638.5
Estonia1905,600.57
Estonia1906,663.6
Estonia1907,530.01
Estonia1908,554.91
Estonia1909,558.65
Estonia1910,611.16
Estonia1911,615.1
Estonia1912,663.66
Estonia1913,568.55
Estonia1914,532.84
Estonia1915,634.82
Estonia1916,683.86
Estonia1917,593.79
Estonia1918,592.12
Estonia1919,549.05
Estonia1920,489.05
Estonia1921,593.45
Estonia1922,591.17
Estonia1923,728.76
Estonia1924,657.55
Estonia1925,757.02
Estonia1926,589.1
Estonia1927,731.54
Estonia1928,784.24
Estonia1929,628.94
Estonia1930,670.19
Estonia1931,647.91
Estonia1932,654.91
Estonia1933,493.69
Estonia1934,617.59
Estonia1935,764.58
Estonia1936,656.33
Estonia1937,656.34
Estonia1938,580.5
Estonia1939,470.83
Estonia1940,599.23
Estonia1941,460.65
Estonia1942,591.36
Estonia1943,691.42
Estonia1944,649.38
Estonia1945,630.74
Estonia1946,552.99
Estonia1947,505.92
Estonia1948,666.51
Estonia1949,645.19
Estonia1950,668.02
Estonia1951,534.57
Estonia1952,767.18
Estonia1953,585.02
Estonia1954,699.18
Estonia1955,573.44
Estonia1956,648.93
Estonia1957,720.61
Estonia1958,551.6
Estonia1959,534.62
Estonia1960,649.45
Estonia1961,633.55
Estonia1962,737.1
Estonia1963,508.05
Estonia1964,481.3
Estonia1965,546.65
Estonia1966,688.54
Estonia1967,659.88
Estonia1968,546.36
Estonia1969,526.29
Estonia1970,605.53
Estonia1971,554.38
Estonia1972,593.59
Estonia1973,618.33
Estonia1974,617.05
Estonia1975,537.53
Estonia1976,478.39
Estonia1977,667.18
Estonia1978,758.01
Estonia1979,604.63
Estonia1980,650.69
Estonia1981,818.43
Estonia1982,578.72
Estonia1983,686.22
Estonia1984,625.45
Estonia1985,708.25
Estonia1986,691.94
Estonia1987,692.09
Estonia1988,687.27
Estonia1989,642.21
Estonia1990,812.36
Estonia1991,674.52
Estonia1992,598.2
Estonia1993,655.98
Estonia1994,626.11
Estonia1995,652.85
Estonia1996,576.89
Estonia1997,699.13
Estonia1998,739.26
Estonia1999,613.27
Estonia2000,660.23
Estonia2001,768.46
Estonia2002,528.45
Estonia2003,626.51
Estonia2004,724.14
Estonia2005,635.79
Estonia2006,552.5
Estonia2007,692.79
Estonia2008,781.37
Estonia2009,714.63
Estonia2010,749.5
Estonia2011,673.6
Estonia2012,843.93
Estonia2013,596.24
Estonia2014,635.17
Estonia2015,578.29
Estonia2016,694.77
Estonia2017,788.71
Estonia2018,548.69
Estonia2019,718.51
Estonia2020,693.45
Estonia2021,694.62
Finland1901,414.47
Finland1902,580.8
Finland1903,596.31
Finland1904,534.96
Finland1905,550.09
Finland1906,518.33
Finland1907,510.47
Finland1908,427.16
Finland1909,529.48
Finland1910,529.98
Finland1911,556.61
Finland1912,570.28
Finland1913,448.24
Finland1914,469.56
Finland1915,483.59
Finland1916,530.12
Finland1917,541.77
Finland1918,496.2
Finland1919,514.86
Finland1920,510.1
Finland1921,600.1
Finland1922,551.21
Finland1923,617.48
Finland1924,567.83
Finland1925,557.28
Finland1926,497.96
Finland1927,585.37
Finland1928,594.68
Finland1929,579.23
Finland1930,521.16
Finland1931,606.65
Finland1932,636.41
Finland1933,444.99
Finland1934,622.46
Finland1935,652.41
Finland1936,547.95
Finland1937,504.87
Finland1938,561.53
Finland1939,454.42
Finland1940,502.23
Finland1941,369.24
Finland1942,496.13
Finland1943,599.24
Finland1944,580.8
Finland1945,499.83
Finland1946,461.47
Finland1947,438.45
Finland1948,553.04
Finland1949,566.52
Finland1950,525.68
Finland1951,501.88
Finland1952,582.81
Finland1953,549.22
Finland1954,637.45
Finland1955,534.03
Finland1956,463.82
Finland1957,630.67
Finland1958,491.33
Finland1959,471.22
Finland1960,525.75
Finland1961,632.0
Finland1962,610.73
Finland1963,500.77
Finland1964,502.03
Finland1965,558.57
Finland1966,582.57
Finland1967,612.35
Finland1968,551.09
Finland1969,459.24
Finland1970,545.29
Finland1971,518.12
Finland1972,523.75
Finland1973,520.95
Finland1974,694.94
Finland1975,521.19
Finland1976,439.61
Finland1977,605.4
Finland1978,460.13
Finland1979,586.51
Finland1980,522.34
Finland1981,721.28
Finland1982,550.2
Finland1983,639.03
Finland1984,588.65
Finland1985,565.5
Finland1986,585.87
Finland1987,577.86
Finland1988,609.22
Finland1989,583.11
Finland1990,546.49
Finland1991,603.15
Finland1992,645.83
Finland1993,540.42
Finland1994,542.04
Finland1995,568.93
Finland1996,551.94
Finland1997,518.48
Finland1998,703.45
Finland1999,568.42
Finland2000,649.95
Finland2001,588.52
Finland2002,504.33
Finland2003,543.4
Finland2004,663.44
Finland2005,627.97
Finland2006,509.88
Finland2007,642.74
Finland2008,697.19
Finland2009,550.38
Finland2010,568.56
Finland2011,640.83
Finland2012,723.37
Finland2013,545.82
Finland2014,553.81
Finland2015,641.22
Finland2016,651.22
Finland2017,624.03
Finland2018,496.45
Finland2019,646.25
Finland2020,648.5
Finland2021,629.66
France1901,810.75
France1902,769.13
France1903,802.33
France1904,684.47
France1905,799.02
France1906,734.06
France1907,815.75
France1908,711.39
France1909,825.76
France1910,1065.88
France1911,759.06
France1912,846.83
France1913,864.95
France1914,908.62
France1915,907.97
France1916,929.53
France1917,841.68
France1918,775.66
France1919,869.58
France1920,778.05
France1921,522.47
France1922,909.12
France1923,884.82
France1924,793.4
France1925,835.13
France1926,860.54
France1927,933.8
France1928,868.24
France1929,696.88
France1930,1039.6
France1931,885.2
France1932,896.09
France1933,756.68
France1934,800.63
France1935,952.1
France1936,900.92
France1937,919.87
France1938,748.49
France1939,965.8
France1940,894.86
France1941,895.8
France1942,771.94
France1943,759.07
France1944,798.04
France1945,649.9
France1946,752.93
France1947,751.42
France1948,777.31
France1949,646.76
France1950,804.45
France1951,1005.21
France1952,897.56
France1953,617.55
France1954,800.83
France1955,810.63
France1956,784.75
France1957,787.19
France1958,952.42
France1959,833.59
France1960,1056.07
France1961,780.82
France1962,767.57
France1963,899.11
France1964,727.8
France1965,1001.99
France1966,952.04
France1967,732.42
France1968,925.02
France1969,853.92
France1970,821.48
France1971,791.22
France1972,863.3
France1973,714.55
France1974,894.57
France1975,824.11
France1976,756.72
France1977,1010.25
France1978,818.46
France1979,985.25
France1980,837.54
France1981,954.98
France1982,919.55
France1983,819.05
France1984,918.41
France1985,710.83
France1986,864.58
France1987,890.79
France1988,906.99
France1989,664.92
France1990,763.36
France1991,717.68
France1992,862.54
France1993,892.21
France1994,961.08
France1995,874.34
France1996,868.3
France1997,804.58
France1998,813.4
France1999,994.74
France2000,959.98
France2001,890.6
France2002,948.55
France2003,728.53
France2004,788.89
France2005,674.39
France2006,817.7
France2007,834.7
France2008,935.32
France2009,804.38
France2010,840.86
France2011,730.83
France2012,863.23
France2013,940.65
France2014,934.64
France2015,713.96
France2016,815.03
France2017,735.38
France2018,877.23
France2019,839.29
France2020,814.97
France2021,836.2
Greece1901,794.05
Greece1902,641.52
Greece1903,654.23
Greece1904,727.11
Greece1905,684.77
Greece1906,800.3
Greece1907,660.68
Greece1908,674.31
Greece1909,755.61
Greece1910,809.43
Greece1911,704.61
Greece1912,737.73
Greece1913,657.49
Greece1914,794.87
Greece1915,818.0
Greece1916,690.91
Greece1917,724.25
Greece1918,820.98
Greece1919,910.56
Greece1920,835.01
Greece1921,763.69
Greece1922,674.32
Greece1923,782.93
Greece1924,736.37
Greece1925,647.97
Greece1926,613.36
Greece1927,700.02
Greece1928,816.98
Greece1929,742.84
Greece1930,856.73
Greece1931,841.41
Greece1932,535.51
Greece1933,740.76
Greece1934,699.67
Greece1935,731.05
Greece1936,896.74
Greece1937,897.15
Greece1938,784.09
Greece1939,904.28
Greece1940,895.18
Greece1941,640.77
Greece1942,742.23
Greece1943,656.83
Greece1944,803.77
Greece1945,687.05
Greece1946,710.08
Greece1947,663.04
Greece1948,588.95
Greece1949,733.52
Greece1950,713.38
Greece1951,842.84
Greece1952,737.49
Greece1953,711.06
Greece1954,870.6
Greece1955,828.24
Greece1956,787.66
Greece1957,685.09
Greece1958,667.73
Greece1959,740.38
Greece1960,800.51
Greece1961,624.27
Greece1962,928.46
Greece1963,815.4
Greece1964,635.68
Greece1965,663.23
Greece1966,800.37
Greece1967,643.97
Greece1968,810.97
Greece1969,709.15
Greece1970,623.44
Greece1971,747.64
Greece1972,763.31
Greece1973,735.91
Greece1974,708.65
Greece1975,657.05
Greece1976,770.58
Greece1977,487.63
Greece1978,769.32
Greece1979,837.88
Greece1980,791.27
Greece1981,733.39
Greece1982,754.29
Greece1983,673.55
Greece1984,620.02
Greece1985,608.1
Greece1986,661.64
Greece1987,741.89
Greece1988,652.24
Greece1989,456.23
Greece1990,564.78
Greece1991,660.79
Greece1992,505.44
Greece1993,546.33
Greece1994,735.63
Greece1995,682.7
Greece1996,755.53
Greece1997,610.98
Greece1998,652.46
Greece1999,670.17
Greece2000,427.2
Greece2001,587.26
Greece2002,820.54
Greece2003,727.34
Greece2004,640.14
Greece2005,723.47
Greece2006,715.62
Greece2007,670.27
Greece2008,578.78
Greece2009,893.11
Greece2010,713.33
Greece2011,635.48
Greece2012,721.7
Greece2013,648.13
Greece2014,917.09
Greece2015,739.26
Greece2016,680.16
Greece2017,698.81
Greece2018,741.91
Greece2019,836.77
Greece2020,660.81
Greece2021,719.79
Croatia1901,1154.16
Croatia1902,1136.14
Croatia1903,1130.33
Croatia1904,1077.81
Croatia1905,1280.74
Croatia1906,1232.34
Croatia1907,1018.28
Croatia1908,974.15
Croatia1909,1176.95
Croatia1910,1424.61
Croatia1911,944.44
Croatia1912,1219.14
Croatia1913,1101.94
Croatia1914,1125.68
Croatia1915,1592.37
Croatia1916,1286.46
Croatia1917,1169.16
Croatia1918,1013.4
Croatia1919,1339.56
Croatia1920,957.77
Croatia1921,824.92
Croatia1922,1187.52
Croatia1923,1246.71
Croatia1924,1072.37
Croatia1925,1318.76
Croatia1926,1323.66
Croatia1927,1021.7
Croatia1928,1081.37
Croatia1929,1015.43
Croatia1930,1265.88
Croatia1931,1064.72
Croatia1932,1064.12
Croatia1933,1289.18
Croatia1934,1145.9
Croatia1935,1018.81
Croatia1936,1152.73
Croatia1937,1619.5
Croatia1938,926.25
Croatia1939,1115.06
Croatia1940,1334.3
Croatia1941,1202.84
Croatia1942,974.3
Croatia1943,1056.96
Croatia1944,1107.51
Croatia1945,829.15
Croatia1946,871.22
Croatia1947,931.55
Croatia1948,1122.8
Croatia1949,881.64
Croatia1950,1083.45
Croatia1951,1254.33
Croatia1952,1126.51
Croatia1953,917.03
Croatia1954,1113.29
Croatia1955,1281.16
Croatia1956,1008.69
Croatia1957,957.08
Croatia1958,1042.85
Croatia1959,1184.02
Croatia1960,1349.03
Croatia1961,1043.22
Croatia1962,1153.28
Croatia1963,1120.65
Croatia1964,1229.36
Croatia1965,1240.12
Croatia1966,1306.48
Croatia1967,1053.23
Croatia1968,1015.6
Croatia1969,1202.08
Croatia1970,1146.24
Croatia1971,832.88
Croatia1972,1159.97
Croatia1973,870.43
Croatia1974,1240.06
Croatia1975,987.91
Croatia1976,1169.81
Croatia1977,1052.36
Croatia1978,1058.72
Croatia1979,1154.99
Croatia1980,1187.76
Croatia1981,1138.09
Croatia1982,1015.09
Croatia1983,817.58
Croatia1984,1197.97
Croatia1985,956.68
Croatia1986,1013.13
Croatia1987,1078.18
Croatia1988,951.74
Croatia1989,935.89
Croatia1990,900.19
Croatia1991,1058.93
Croatia1992,1045.65
Croatia1993,1088.5
Croatia1994,1009.01
Croatia1995,1246.07
Croatia1996,1225.62
Croatia1997,1036.52
Croatia1998,1128.46
Croatia1999,1205.43
Croatia2000,928.17
Croatia2001,1076.72
Croatia2002,1199.82
Croatia2003,798.35
Croatia2004,1199.28
Croatia2005,1197.81
Croatia2006,947.28
Croatia2007,1048.48
Croatia2008,1058.59
Croatia2009,1141.27
Croatia2010,1352.65
Croatia2011,760.43
Croatia2012,994.14
Croatia2013,1252.99
Croatia2014,1467.65
Croatia2015,1074.47
Croatia2016,1197.94
Croatia2017,1028.21
Croatia2018,1080.57
Croatia2019,1250.94
Croatia2020,1082.7
Croatia2021,1040.53
Hungary1901,597.64
Hungary1902,673.53
Hungary1903,659.92
Hungary1904,576.31
Hungary1905,660.97
Hungary1906,736.72
Hungary1907,526.93
Hungary1908,528.24
Hungary1909,634.17
Hungary1910,728.47
Hungary1911,534.79
Hungary1912,722.28
Hungary1913,644.84
Hungary1914,676.79
Hungary1915,846.88
Hungary1916,684.6
Hungary1917,504.7
Hungary1918,658.65
Hungary1919,700.17
Hungary1920,632.49
Hungary1921,494.32
Hungary1922,698.2
Hungary1923,620.98
Hungary1924,598.51
Hungary1925,717.2
Hungary1926,708.82
Hungary1927,628.77
Hungary1928,531.48
Hungary1929,588.51
Hungary1930,706.79
Hungary1931,608.32
Hungary1932,533.76
Hungary1933,681.63
Hungary1934,582.37
Hungary1935,595.82
Hungary1936,709.45
Hungary1937,825.04
Hungary1938,586.18
Hungary1939,662.9
Hungary1940,786.55
Hungary1941,699.28
Hungary1942,536.62
Hungary1943,548.4
Hungary1944,720.51
Hungary1945,542.4
Hungary1946,532.8
Hungary1947,499.54
Hungary1948,609.36
Hungary1949,552.6
Hungary1950,629.03
Hungary1951,658.21
Hungary1952,674.67
Hungary1953,534.05
Hungary1954,641.35
Hungary1955,724.45
Hungary1956,554.9
Hungary1957,590.06
Hungary1958,602.65
Hungary1959,587.99
Hungary1960,685.14
Hungary1961,472.84
Hungary1962,561.89
Hungary1963,628.43
Hungary1964,658.42
Hungary1965,791.75
Hungary1966,734.81
Hungary1967,532.66
Hungary1968,532.98
Hungary1969,642.06
Hungary1970,672.21
Hungary1971,456.63
Hungary1972,632.62
Hungary1973,494.7
Hungary1974,718.46
Hungary1975,612.29
Hungary1976,608.24
Hungary1977,571.11
Hungary1978,566.25
Hungary1979,630.0
Hungary1980,671.01
Hungary1981,589.32
Hungary1982,550.89
Hungary1983,468.86
Hungary1984,607.18
Hungary1985,604.78
Hungary1986,488.64
Hungary1987,635.16
Hungary1988,570.34
Hungary1989,571.7
Hungary1990,523.73
Hungary1991,635.99
Hungary1992,518.64
Hungary1993,540.94
Hungary1994,563.96
Hungary1995,687.53
Hungary1996,644.48
Hungary1997,517.89
Hungary1998,693.43
Hungary1999,733.11
Hungary2000,450.46
Hungary2001,591.67
Hungary2002,597.67
Hungary2003,471.55
Hungary2004,682.67
Hungary2005,707.8
Hungary2006,590.16
Hungary2007,638.91
Hungary2008,618.54
Hungary2009,645.37
Hungary2010,886.22
Hungary2011,437.75
Hungary2012,529.31
Hungary2013,620.79
Hungary2014,748.03
Hungary2015,584.52
Hungary2016,748.76
Hungary2017,621.68
Hungary2018,602.08
Hungary2019,626.25
Hungary2020,643.65
Hungary2021,556.95
Ireland1901,1068.52
Ireland1902,1016.31
Ireland1903,1368.16
Ireland1904,1081.95
Ireland1905,957.8
Ireland1906,1015.74
Ireland1907,1097.33
Ireland1908,1076.29
Ireland1909,989.55
Ireland1910,1173.31
Ireland1911,1066.05
Ireland1912,1129.81
Ireland1913,1170.03
Ireland1914,1173.35
Ireland1915,1146.39
Ireland1916,1290.94
Ireland1917,1035.67
Ireland1918,1217.8
Ireland1919,958.07
Ireland1920,1259.65
Ireland1921,952.94
Ireland1922,1007.78
Ireland1923,1226.41
Ireland1924,1378.61
Ireland1925,1092.26
Ireland1926,1063.15
Ireland1927,1221.49
Ireland1928,1390.6
Ireland1929,1201.86
Ireland1930,1343.11
Ireland1931,1198.04
Ireland1932,1074.89
Ireland1933,849.02
Ireland1934,1147.35
Ireland1935,1064.65
Ireland1936,1121.61
Ireland1937,1133.14
Ireland1938,1257.09
Ireland1939,1082.72
Ireland1940,1147.09
Ireland1941,1003.64
Ireland1942,1093.98
Ireland1943,1110.33
Ireland1944,1124.93
Ireland1945,1054.37
Ireland1946,1270.84
Ireland1947,1278.03
Ireland1948,1273.27
Ireland1949,1056.33
Ireland1950,1221.94
Ireland1951,1207.93
Ireland1952,934.28
Ireland1953,940.62
Ireland1954,1284.84
Ireland1955,998.51
Ireland1956,1111.7
Ireland1957,1119.65
Ireland1958,1298.24
Ireland1959,1108.07
Ireland1960,1388.7
Ireland1961,1110.08
Ireland1962,1083.37
Ireland1963,1059.12
Ireland1964,1122.49
Ireland1965,1249.06
Ireland1966,1261.83
Ireland1967,1146.59
Ireland1968,1170.55
Ireland1969,960.86
Ireland1970,1112.57
Ireland1971,859.49
Ireland1972,1092.69
Ireland1973,1047.24
Ireland1974,1193.23
Ireland1975,941.5
Ireland1976,1026.03
Ireland1977,1184.11
Ireland1978,1113.54
Ireland1979,1213.76
Ireland1980,1244.68
Ireland1981,1178.75
Ireland1982,1291.75
Ireland1983,1138.42
Ireland1984,1120.99
Ireland1985,1173.26
Ireland1986,1270.15
Ireland1987,1034.08
Ireland1988,1230.72
Ireland1989,1052.62
Ireland1990,1186.73
Ireland1991,1070.58
Ireland1992,1129.81
Ireland1993,1229.93
Ireland1994,1309.49
Ireland1995,1155.17
Ireland1996,1144.33
Ireland1997,1147.89
Ireland1998,1314.98
Ireland1999,1259.47
Ireland2000,1284.66
Ireland2001,971.09
Ireland2002,1451.22
Ireland2003,999.65
Ireland2004,1114.92
Ireland2005,1095.79
Ireland2006,1209.52
Ireland2007,1099.56
Ireland2008,1348.08
Ireland2009,1379.24
Ireland2010,1052.34
Ireland2011,1169.23
Ireland2012,1215.64
Ireland2013,1122.51
Ireland2014,1352.8
Ireland2015,1367.08
Ireland2016,1124.15
Ireland2017,1174.26
Ireland2018,1206.47
Ireland2019,1289.4
Ireland2020,1351.05
Ireland2021,1147.14
Italy1901,993.29
Italy1902,837.85
Italy1903,839.32
Italy1904,828.08
Italy1905,985.55
Italy1906,813.52
Italy1907,823.64
Italy1908,727.46
Italy1909,846.02
Italy1910,987.7
Italy1911,883.5
Italy1912,804.01
Italy1913,765.69
Italy1914,899.1
Italy1915,1024.01
Italy1916,984.3
Italy1917,855.51
Italy1918,805.4
Italy1919,797.78
Italy1920,859.52
Italy1921,642.95
Italy1922,757.17
Italy1923,775.65
Italy1924,799.86
Italy1925,759.47
Italy1926,876.26
Italy1927,815.04
Italy1928,903.83
Italy1929,737.47
Italy1930,857.35
Italy1931,822.31
Italy1932,804.59
Italy1933,881.67
Italy1934,920.86
Italy1935,860.41
Italy1936,864.91
Italy1937,1055.02
Italy1938,736.27
Italy1939,918.78
Italy1940,878.91
Italy1941,898.87
Italy1942,761.85
Italy1943,749.16
Italy1944,744.47
Italy1945,602.17
Italy1946,774.85
Italy1947,768.72
Italy1948,768.27
Italy1949,733.16
Italy1950,757.62
Italy1951,952.74
Italy1952,722.71
Italy1953,807.75
Italy1954,821.27
Italy1955,798.15
Italy1956,791.38
Italy1957,822.49
Italy1958,854.43
Italy1959,934.25
Italy1960,1021.27
Italy1961,753.43
Italy1962,764.25
Italy1963,943.98
Italy1964,873.2
Italy1965,816.22
Italy1966,921.67
Italy1967,690.66
Italy1968,832.83
Italy1969,851.24
Italy1970,705.36
Italy1971,740.11
Italy1972,939.06
Italy1973,783.2
Italy1974,772.57
Italy1975,880.72
Italy1976,1031.29
Italy1977,821.03
Italy1978,919.74
Italy1979,1003.86
Italy1980,880.42
Italy1981,783.22
Italy1982,837.99
Italy1983,715.64
Italy1984,969.57
Italy1985,755.37
Italy1986,843.76
Italy1987,873.1
Italy1988,751.22
Italy1989,728.3
Italy1990,797.45
Italy1991,795.84
Italy1992,824.97
Italy1993,780.54
Italy1994,779.19
Italy1995,840.14
Italy1996,1040.31
Italy1997,754.46
Italy1998,772.24
Italy1999,830.91
Italy2000,802.66
Italy2001,767.13
Italy2002,950.18
Italy2003,720.31
Italy2004,853.08
Italy2005,831.26
Italy2006,704.82
Italy2007,737.22
Italy2008,908.08
Italy2009,874.27
Italy2010,953.09
Italy2011,720.84
Italy2012,749.07
Italy2013,858.64
Italy2014,927.82
Italy2015,713.28
Italy2016,776.5
Italy2017,669.65
Italy2018,739.44
Italy2019,890.82
Italy2020,769.88
Italy2021,730.57
Lithuania1901,648.79
Lithuania1902,661.47
Lithuania1903,762.96
Lithuania1904,675.19
Lithuania1905,686.1
Lithuania1906,719.12
Lithuania1907,628.33
Lithuania1908,657.19
Lithuania1909,570.08
Lithuania1910,674.7
Lithuania1911,550.19
Lithuania1912,735.05
Lithuania1913,714.23
Lithuania1914,629.98
Lithuania1915,643.25
Lithuania1916,766.17
Lithuania1917,665.06
Lithuania1918,529.22
Lithuania1919,629.82
Lithuania1920,551.66
Lithuania1921,635.93
Lithuania1922,679.84
Lithuania1923,751.73
Lithuania1924,679.43
Lithuania1925,749.31
Lithuania1926,739.04
Lithuania1927,717.25
Lithuania1928,731.23
Lithuania1929,613.45
Lithuania1930,757.19
Lithuania1931,656.71
Lithuania1932,692.11
Lithuania1933,700.46
Lithuania1934,609.47
Lithuania1935,739.67
Lithuania1936,686.05
Lithuania1937,659.95
Lithuania1938,614.29
Lithuania1939,622.5
Lithuania1940,718.5
Lithuania1941,575.53
Lithuania1942,560.11
Lithuania1943,697.41
Lithuania1944,619.49
Lithuania1945,779.12
Lithuania1946,629.03
Lithuania1947,633.68
Lithuania1948,708.78
Lithuania1949,676.17
Lithuania1950,860.53
Lithuania1951,521.91
Lithuania1952,768.86
Lithuania1953,523.26
Lithuania1954,753.27
Lithuania1955,609.37
Lithuania1956,712.79
Lithuania1957,734.49
Lithuania1958,695.98
Lithuania1959,582.93
Lithuania1960,769.44
Lithuania1961,618.54
Lithuania1962,710.47
Lithuania1963,615.36
Lithuania1964,533.46
Lithuania1965,624.44
Lithuania1966,708.49
Lithuania1967,690.23
Lithuania1968,591.11
Lithuania1969,571.31
Lithuania1970,717.77
Lithuania1971,527.71
Lithuania1972,716.51
Lithuania1973,622.33
Lithuania1974,779.46
Lithuania1975,517.54
Lithuania1976,508.32
Lithuania1977,689.94
Lithuania1978,740.47
Lithuania1979,686.7
Lithuania1980,821.55
Lithuania1981,787.12
Lithuania1982,552.32
Lithuania1983,702.77
Lithuania1984,628.66
Lithuania1985,728.26
Lithuania1986,713.8
Lithuania1987,689.88
Lithuania1988,640.29
Lithuania1989,684.85
Lithuania1990,794.9
Lithuania1991,612.71
Lithuania1992,642.39
Lithuania1993,693.42
Lithuania1994,673.57
Lithuania1995,697.11
Lithuania1996,547.21
Lithuania1997,688.6
Lithuania1998,782.21
Lithuania1999,645.41
Lithuania2000,623.75
Lithuania2001,756.43
Lithuania2002,614.09
Lithuania2003,628.95
Lithuania2004,694.16
Lithuania2005,644.09
Lithuania2006,609.8
Lithuania2007,753.47
Lithuania2008,683.25
Lithuania2009,730.65
Lithuania2010,851.14
Lithuania2011,659.53
Lithuania2012,786.07
Lithuania2013,686.89
Lithuania2014,646.8
Lithuania2015,575.75
Lithuania2016,763.94
Lithuania2017,837.48
Lithuania2018,580.61
Lithuania2019,613.89
Lithuania2020,636.34
Lithuania2021,709.01
Luxembourg1901,833.8
Luxembourg1902,816.91
Luxembourg1903,972.53
Luxembourg1904,788.54
Luxembourg1905,875.82
Luxembourg1906,895.04
Luxembourg1907,763.23
Luxembourg1908,777.7
Luxembourg1909,889.96
Luxembourg1910,1107.1
Luxembourg1911,743.09
Luxembourg1912,891.77
Luxembourg1913,875.11
Luxembourg1914,1017.52
Luxembourg1915,1010.58
Luxembourg1916,1089.13
Luxembourg1917,890.89
Luxembourg1918,969.81
Luxembourg1919,998.85
Luxembourg1920,809.37
Luxembourg1921,497.28
Luxembourg1922,1096.99
Luxembourg1923,1031.51
Luxembourg1924,955.31
Luxembourg1925,1110.18
Luxembourg1926,958.78
Luxembourg1927,958.61
Luxembourg1928,930.34
Luxembourg1929,783.81
Luxembourg1930,1127.88
Luxembourg1931,967.43
Luxembourg1932,922.83
Luxembourg1933,646.75
Luxembourg1934,771.29
Luxembourg1935,981.89
Luxembourg1936,954.98
Luxembourg1937,992.94
Luxembourg1938,850.48
Luxembourg1939,1080.24
Luxembourg1940,1013.62
Luxembourg1941,883.4
Luxembourg1942,836.91
Luxembourg1943,881.02
Luxembourg1944,1039.52
Luxembourg1945,846.07
Luxembourg1946,891.46
Luxembourg1947,848.09
Luxembourg1948,989.23
Luxembourg1949,758.2
Luxembourg1950,1088.99
Luxembourg1951,1010.8
Luxembourg1952,1182.66
Luxembourg1953,625.92
Luxembourg1954,990.17
Luxembourg1955,843.76
Luxembourg1956,934.07
Luxembourg1957,916.35
Luxembourg1958,1091.83
Luxembourg1959,680.94
Luxembourg1960,1022.28
Luxembourg1961,1053.48
Luxembourg1962,887.22
Luxembourg1963,781.36
Luxembourg1964,740.22
Luxembourg1965,1236.89
Luxembourg1966,1197.18
Luxembourg1967,944.72
Luxembourg1968,897.04
Luxembourg1969,816.74
Luxembourg1970,1013.8
Luxembourg1971,669.34
Luxembourg1972,798.96
Luxembourg1973,779.61
Luxembourg1974,1059.04
Luxembourg1975,739.41
Luxembourg1976,619.84
Luxembourg1977,984.61
Luxembourg1978,868.81
Luxembourg1979,1041.56
Luxembourg1980,1040.32
Luxembourg1981,1213.08
Luxembourg1982,992.77
Luxembourg1983,989.35
Luxembourg1984,1076.9
Luxembourg1985,814.76
Luxembourg1986,1034.72
Luxembourg1987,1075.41
Luxembourg1988,1125.65
Luxembourg1989,885.3
Luxembourg1990,932.83
Luxembourg1991,756.48
Luxembourg1992,899.9
Luxembourg1993,989.49
Luxembourg1994,942.78
Luxembourg1995,1009.35
Luxembourg1996,710.27
Luxembourg1997,888.21
Luxembourg1998,1006.01
Luxembourg1999,1048.55
Luxembourg2000,1084.78
Luxembourg2001,1171.92
Luxembourg2002,1103.5
Luxembourg2003,756.5
Luxembourg2004,910.5
Luxembourg2005,793.72
Luxembourg2006,911.92
Luxembourg2007,1047.62
Luxembourg2008,979.69
Luxembourg2009,948.82
Luxembourg2010,992.27
Luxembourg2011,806.14
Luxembourg2012,982.17
Luxembourg2013,945.12
Luxembourg2014,900.24
Luxembourg2015,816.56
Luxembourg2016,976.33
Luxembourg2017,897.76
Luxembourg2018,814.82
Luxembourg2019,897.21
Luxembourg2020,827.43
Luxembourg2021,1023.89
Latvia1901,544.84
Latvia1902,679.59
Latvia1903,734.96
Latvia1904,661.88
Latvia1905,654.59
Latvia1906,695.38
Latvia1907,584.77
Latvia1908,635.53
Latvia1909,557.86
Latvia1910,631.51
Latvia1911,591.25
Latvia1912,691.69
Latvia1913,661.73
Latvia1914,578.93
Latvia1915,629.69
Latvia1916,720.18
Latvia1917,642.11
Latvia1918,548.2
Latvia1919,582.73
Latvia1920,516.77
Latvia1921,607.97
Latvia1922,641.9
Latvia1923,745.22
Latvia1924,638.77
Latvia1925,752.61
Latvia1926,695.02
Latvia1927,714.53
Latvia1928,773.04
Latvia1929,615.66
Latvia1930,735.9
Latvia1931,654.08
Latvia1932,649.11
Latvia1933,604.6
Latvia1934,618.45
Latvia1935,730.31
Latvia1936,659.1
Latvia1937,666.85
Latvia1938,596.65
Latvia1939,535.54
Latvia1940,659.99
Latvia1941,531.4
Latvia1942,573.48
Latvia1943,655.33
Latvia1944,616.22
Latvia1945,723.12
Latvia1946,596.35
Latvia1947,565.09
Latvia1948,670.97
Latvia1949,669.54
Latvia1950,771.32
Latvia1951,522.69
Latvia1952,763.82
Latvia1953,555.9
Latvia1954,694.28
Latvia1955,606.37
Latvia1956,685.51
Latvia1957,727.4
Latvia1958,609.75
Latvia1959,562.25
Latvia1960,685.88
Latvia1961,615.98
Latvia1962,720.92
Latvia1963,543.8
Latvia1964,512.2
Latvia1965,577.22
Latvia1966,693.79
Latvia1967,654.96
Latvia1968,572.05
Latvia1969,536.32
Latvia1970,657.41
Latvia1971,547.11
Latvia1972,645.47
Latvia1973,606.33
Latvia1974,689.03
Latvia1975,519.52
Latvia1976,512.29
Latvia1977,679.19
Latvia1978,762.56
Latvia1979,657.46
Latvia1980,771.59
Latvia1981,809.1
Latvia1982,563.34
Latvia1983,700.61
Latvia1984,631.47
Latvia1985,748.72
Latvia1986,719.46
Latvia1987,679.08
Latvia1988,678.99
Latvia1989,669.55
Latvia1990,847.84
Latvia1991,674.57
Latvia1992,634.56
Latvia1993,675.44
Latvia1994,662.82
Latvia1995,686.76
Latvia1996,579.67
Latvia1997,728.14
Latvia1998,757.01
Latvia1999,626.8
Latvia2000,650.51
Latvia2001,790.11
Latvia2002,582.44
Latvia2003,639.26
Latvia2004,692.82
Latvia2005,633.68
Latvia2006,595.87
Latvia2007,721.01
Latvia2008,710.09
Latvia2009,740.31
Latvia2010,826.3
Latvia2011,645.13
Latvia2012,813.83
Latvia2013,648.08
Latvia2014,671.04
Latvia2015,576.33
Latvia2016,720.98
Latvia2017,826.48
Latvia2018,568.89
Latvia2019,676.06
Latvia2020,661.85
Latvia2021,694.02
Malta1901,532.05
Malta1902,517.0
Malta1903,357.54
Malta1904,589.99
Malta1905,500.78
Malta1906,630.07
Malta1907,425.41
Malta1908,512.76
Malta1909,483.86
Malta1910,433.24
Malta1911,635.59
Malta1912,540.26
Malta1913,412.13
Malta1914,421.03
Malta1915,445.12
Malta1916,444.37
Malta1917,456.37
Malta1918,469.02
Malta1919,437.6
Malta1920,523.54
Malta1921,567.78
Malta1922,318.38
Malta1923,396.39
Malta1924,499.28
Malta1925,504.84
Malta1926,337.44
Malta1927,408.03
Malta1928,686.78
Malta1929,481.96
Malta1930,490.93
Malta1931,663.57
Malta1932,539.12
Malta1933,479.67
Malta1934,637.6
Malta1935,408.35
Malta1936,423.48
Malta1937,348.63
Malta1938,564.11
Malta1939,465.58
Malta1940,448.84
Malta1941,419.92
Malta1942,557.62
Malta1943,474.64
Malta1944,556.87
Malta1945,371.65
Malta1946,504.8
Malta1947,216.75
Malta1948,531.42
Malta1949,474.4
Malta1950,595.08
Malta1951,518.23
Malta1952,375.43
Malta1953,658.29
Malta1954,646.05
Malta1955,488.11
Malta1956,524.27
Malta1957,609.0
Malta1958,434.31
Malta1959,491.5
Malta1960,308.51
Malta1961,258.04
Malta1962,526.87
Malta1963,348.36
Malta1964,566.22
Malta1965,558.16
Malta1966,516.51
Malta1967,384.13
Malta1968,353.61
Malta1969,624.36
Malta1970,376.37
Malta1971,530.86
Malta1972,552.62
Malta1973,564.51
Malta1974,240.29
Malta1975,515.18
Malta1976,763.81
Malta1977,294.53
Malta1978,399.0
Malta1979,584.09
Malta1980,392.32
Malta1981,253.42
Malta1982,672.23
Malta1983,527.54
Malta1984,537.08
Malta1985,476.94
Malta1986,654.38
Malta1987,320.46
Malta1988,615.72
Malta1989,444.47
Malta1990,512.77
Malta1991,538.95
Malta1992,464.97
Malta1993,433.18
Malta1994,447.05
Malta1995,577.28
Malta1996,593.58
Malta1997,537.41
Malta1998,395.24
Malta1999,430.16
Malta2000,396.05
Malta2001,355.37
Malta2002,434.52
Malta2003,601.7
Malta2004,449.39
Malta2005,484.93
Malta2006,480.6
Malta2007,509.71
Malta2008,418.19
Malta2009,599.17
Malta2010,458.42
Malta2011,491.05
Malta2012,444.8
Malta2013,455.99
Malta2014,479.55
Malta2015,549.9
Malta2016,375.79
Malta2017,459.63
Malta2018,507.0
Malta2019,470.28
Malta2020,388.32
Malta2021,489.81
Netherlands1901,703.74
Netherlands1902,653.14
Netherlands1903,847.83
Netherlands1904,610.09
Netherlands1905,752.95
Netherlands1906,759.0
Netherlands1907,614.29
Netherlands1908,637.45
Netherlands1909,776.57
Netherlands1910,800.07
Netherlands1911,608.42
Netherlands1912,859.77
Netherlands1913,717.18
Netherlands1914,800.72
Netherlands1915,871.57
Netherlands1916,823.58
Netherlands1917,748.76
Netherlands1918,796.18
Netherlands1919,774.35
Netherlands1920,654.03
Netherlands1921,441.68
Netherlands1922,752.76
Netherlands1923,810.52
Netherlands1924,748.0
Netherlands1925,923.02
Netherlands1926,786.44
Netherlands1927,800.67
Netherlands1928,771.88
Netherlands1929,602.78
Netherlands1930,879.76
Netherlands1931,784.85
Netherlands1932,748.73
Netherlands1933,574.25
Netherlands1934,641.98
Netherlands1935,824.34
Netherlands1936,744.49
Netherlands1937,784.81
Netherlands1938,723.91
Netherlands1939,843.13
Netherlands1940,810.48
Netherlands1941,723.71
Netherlands1942,765.68
Netherlands1943,674.89
Netherlands1944,841.7
Netherlands1945,749.6
Netherlands1946,769.54
Netherlands1947,654.1
Netherlands1948,743.74
Netherlands1949,621.56
Netherlands1950,883.77
Netherlands1951,821.31
Netherlands1952,846.23
Netherlands1953,578.13
Netherlands1954,800.97
Netherlands1955,666.97
Netherlands1956,802.02
Netherlands1957,841.11
Netherlands1958,834.28
Netherlands1959,537.89
Netherlands1960,915.68
Netherlands1961,915.78
Netherlands1962,751.42
Netherlands1963,695.9
Netherlands1964,705.64
Netherlands1965,979.7
Netherlands1966,1018.76
Netherlands1967,791.9
Netherlands1968,798.66
Netherlands1969,720.23
Netherlands1970,819.64
Netherlands1971,573.55
Netherlands1972,670.46
Netherlands1973,713.52
Netherlands1974,912.98
Netherlands1975,666.04
Netherlands1976,545.36
Netherlands1977,759.18
Netherlands1978,672.42
Netherlands1979,838.54
Netherlands1980,834.59
Netherlands1981,919.2
Netherlands1982,719.79
Netherlands1983,789.0
Netherlands1984,858.12
Netherlands1985,756.64
Netherlands1986,799.68
Netherlands1987,849.42
Netherlands1988,899.24
Netherlands1989,657.94
Netherlands1990,729.29
Netherlands1991,657.72
Netherlands1992,813.9
Netherlands1993,868.94
Netherlands1994,888.58
Netherlands1995,802.49
Netherlands1996,585.78
Netherlands1997,673.95
Netherlands1998,1020.33
Netherlands1999,895.43
Netherlands2000,880.49
Netherlands2001,928.55
Netherlands2002,915.08
Netherlands2003,631.8
Netherlands2004,846.8
Netherlands2005,810.49
Netherlands2006,753.69
Netherlands2007,910.25
Netherlands2008,843.28
Netherlands2009,754.39
Netherlands2010,793.56
Netherlands2011,759.69
Netherlands2012,842.66
Netherlands2013,721.25
Netherlands2014,761.15
Netherlands2015,816.79
Netherlands2016,782.77
Netherlands2017,859.07
Netherlands2018,633.68
Netherlands2019,807.4
Netherlands2020,775.13
Netherlands2021,865.8
Poland1901,593.49
Poland1902,602.83
Poland1903,654.05
Poland1904,531.73
Poland1905,648.97
Poland1906,638.55
Poland1907,607.68
Poland1908,601.49
Poland1909,607.89
Poland1910,645.84
Poland1911,533.74
Poland1912,684.17
Poland1913,649.65
Poland1914,601.01
Poland1915,647.15
Poland1916,674.65
Poland1917,552.48
Poland1918,609.95
Poland1919,652.19
Poland1920,589.51
Poland1921,517.63
Poland1922,621.59
Poland1923,605.42
Poland1924,597.44
Poland1925,685.98
Poland1926,695.54
Poland1927,688.34
Poland1928,568.84
Poland1929,543.51
Poland1930,670.46
Poland1931,665.37
Poland1932,550.45
Poland1933,593.81
Poland1934,585.35
Poland1935,635.27
Poland1936,640.51
Poland1937,647.8
Poland1938,639.29
Poland1939,683.63
Poland1940,651.05
Poland1941,694.87
Poland1942,534.13
Poland1943,527.57
Poland1944,594.52
Poland1945,680.63
Poland1946,611.78
Poland1947,574.09
Poland1948,643.04
Poland1949,601.4
Poland1950,636.01
Poland1951,497.71
Poland1952,654.91
Poland1953,495.38
Poland1954,569.3
Poland1955,591.62
Poland1956,612.47
Poland1957,604.66
Poland1958,673.34
Poland1959,504.44
Poland1960,715.28
Poland1961,596.4
Poland1962,628.67
Poland1963,547.38
Poland1964,552.42
Poland1965,641.63
Poland1966,733.07
Poland1967,691.67
Poland1968,641.0
Poland1969,501.77
Poland1970,745.44
Poland1971,534.68
Poland1972,614.19
Poland1973,562.21
Poland1974,751.61
Poland1975,553.31
Poland1976,541.96
Poland1977,661.97
Poland1978,635.75
Poland1979,597.66
Poland1980,680.05
Poland1981,692.5
Poland1982,445.25
Poland1983,544.25
Poland1984,541.57
Poland1985,639.06
Poland1986,576.69
Poland1987,618.83
Poland1988,594.22
Poland1989,502.9
Poland1990,562.01
Poland1991,522.38
Poland1992,531.48
Poland1993,582.6
Poland1994,604.69
Poland1995,570.44
Poland1996,554.52
Poland1997,621.64
Poland1998,678.29
Poland1999,608.39
Poland2000,618.18
Poland2001,701.48
Poland2002,622.87
Poland2003,488.42
Poland2004,600.03
Poland2005,571.81
Poland2006,551.26
Poland2007,668.17
Poland2008,598.55
Poland2009,677.52
Poland2010,791.84
Poland2011,544.78
Poland2012,605.24
Poland2013,646.95
Poland2014,627.32
Poland2015,513.01
Poland2016,669.36
Poland2017,725.91
Poland2018,506.45
Poland2019,539.21
Poland2020,622.07
Poland2021,643.39
Portugal1901,861.43
Portugal1902,982.67
Portugal1903,857.42
Portugal1904,794.8
Portugal1905,713.31
Portugal1906,738.33
Portugal1907,1005.27
Portugal1908,685.06
Portugal1909,895.47
Portugal1910,985.1
Portugal1911,949.14
Portugal1912,852.03
Portugal1913,922.77
Portugal1914,911.13
Portugal1915,976.16
Portugal1916,963.96
Portugal1917,686.99
Portugal1918,757.25
Portugal1919,942.48
Portugal1920,753.12
Portugal1921,599.17
Portugal1922,762.24
Portugal1923,732.69
Portugal1924,877.01
Portugal1925,828.75
Portugal1926,852.08
Portugal1927,876.59
Portugal1928,827.01
Portugal1929,672.78
Portugal1930,739.18
Portugal1931,697.12
Portugal1932,830.15
Portugal1933,712.99
Portugal1934,706.09
Portugal1935,728.49
Portugal1936,1110.34
Portugal1937,1205.54
Portugal1938,605.98
Portugal1939,952.5
Portugal1940,971.04
Portugal1941,1059.16
Portugal1942,952.21
Portugal1943,812.44
Portugal1944,557.5
Portugal1945,672.69
Portugal1946,799.61
Portugal1947,1057.79
Portugal1948,879.0
Portugal1949,642.95
Portugal1950,665.79
Portugal1951,981.34
Portugal1952,866.33
Portugal1953,724.64
Portugal1954,568.49
Portugal1955,1169.38
Portugal1956,867.33
Portugal1957,660.76
Portugal1958,875.26
Portugal1959,989.8
Portugal1960,1234.46
Portugal1961,939.89
Portugal1962,792.03
Portugal1963,1334.97
Portugal1964,713.34
Portugal1965,972.61
Portugal1966,1047.1
Portugal1967,672.22
Portugal1968,904.5
Portugal1969,1102.93
Portugal1970,794.02
Portugal1971,797.36
Portugal1972,1019.28
Portugal1973,632.71
Portugal1974,686.19
Portugal1975,720.96
Portugal1976,935.09
Portugal1977,1108.64
Portugal1978,1086.75
Portugal1979,1100.32
Portugal1980,621.82
Portugal1981,732.04
Portugal1982,657.25
Portugal1983,822.31
Portugal1984,910.2
Portugal1985,901.92
Portugal1986,714.54
Portugal1987,981.47
Portugal1988,826.05
Portugal1989,1127.64
Portugal1990,691.71
Portugal1991,675.71
Portugal1992,612.17
Portugal1993,856.49
Portugal1994,738.54
Portugal1995,849.71
Portugal1996,1221.24
Portugal1997,1120.33
Portugal1998,657.82
Portugal1999,817.12
Portugal2000,991.18
Portugal2001,921.41
Portugal2002,970.3
Portugal2003,1005.4
Portugal2004,690.79
Portugal2005,586.11
Portugal2006,1004.94
Portugal2007,681.62
Portugal2008,849.56
Portugal2009,919.56
Portugal2010,1335.84
Portugal2011,836.21
Portugal2012,737.72
Portugal2013,972.33
Portugal2014,998.85
Portugal2015,581.72
Portugal2016,984.18
Portugal2017,588.14
Portugal2018,996.79
Portugal2019,691.38
Portugal2020,823.56
Portugal2021,796.32
Romania1901,746.83
Romania1902,646.03
Romania1903,545.3
Romania1904,533.82
Romania1905,621.53
Romania1906,703.09
Romania1907,496.04
Romania1908,601.39
Romania1909,635.79
Romania1910,643.45
Romania1911,585.91
Romania1912,823.81
Romania1913,643.45
Romania1914,740.09
Romania1915,787.31
Romania1916,640.61
Romania1917,523.61
Romania1918,632.55
Romania1919,733.39
Romania1920,629.15
Romania1921,547.26
Romania1922,746.98
Romania1923,600.13
Romania1924,613.5
Romania1925,694.9
Romania1926,633.08
Romania1927,619.65
Romania1928,576.25
Romania1929,574.12
Romania1930,629.97
Romania1931,651.7
Romania1932,631.06
Romania1933,781.13
Romania1934,557.92
Romania1935,571.5
Romania1936,623.65
Romania1937,712.6
Romania1938,611.83
Romania1939,683.39
Romania1940,770.92
Romania1941,843.67
Romania1942,580.32
Romania1943,568.41
Romania1944,699.74
Romania1945,496.64
Romania1946,519.38
Romania1947,626.24
Romania1948,560.53
Romania1949,616.96
Romania1950,546.34
Romania1951,569.46
Romania1952,636.63
Romania1953,540.35
Romania1954,699.79
Romania1955,802.1
Romania1956,614.43
Romania1957,664.42
Romania1958,598.27
Romania1959,580.43
Romania1960,696.74
Romania1961,539.41
Romania1962,596.08
Romania1963,563.2
Romania1964,657.3
Romania1965,593.23
Romania1966,766.33
Romania1967,585.71
Romania1968,623.51
Romania1969,736.68
Romania1970,795.0
Romania1971,655.95
Romania1972,704.84
Romania1973,557.23
Romania1974,706.56
Romania1975,673.2
Romania1976,625.54
Romania1977,626.38
Romania1978,698.39
Romania1979,689.52
Romania1980,773.35
Romania1981,705.68
Romania1982,569.36
Romania1983,520.34
Romania1984,688.51
Romania1985,589.27
Romania1986,488.85
Romania1987,576.84
Romania1988,635.33
Romania1989,585.01
Romania1990,485.22
Romania1991,717.67
Romania1992,519.92
Romania1993,588.07
Romania1994,537.44
Romania1995,710.02
Romania1996,655.93
Romania1997,721.63
Romania1998,721.07
Romania1999,725.58
Romania2000,446.36
Romania2001,696.85
Romania2002,610.16
Romania2003,531.32
Romania2004,727.55
Romania2005,795.5
Romania2006,667.42
Romania2007,702.7
Romania2008,628.0
Romania2009,644.73
Romania2010,831.02
Romania2011,478.42
Romania2012,603.7
Romania2013,661.74
Romania2014,769.08
Romania2015,611.81
Romania2016,732.64
Romania2017,649.58
Romania2018,642.89
Romania2019,555.48
Romania2020,628.35
Romania2021,693.02
Slovakia1901,776.19
Slovakia1902,854.51
Slovakia1903,891.52
Slovakia1904,701.77
Slovakia1905,799.35
Slovakia1906,909.91
Slovakia1907,720.01
Slovakia1908,683.27
Slovakia1909,826.82
Slovakia1910,917.02
Slovakia1911,689.98
Slovakia1912,941.1
Slovakia1913,822.01
Slovakia1914,834.24
Slovakia1915,1005.87
Slovakia1916,900.57
Slovakia1917,619.93
Slovakia1918,860.19
Slovakia1919,849.27
Slovakia1920,844.63
Slovakia1921,613.83
Slovakia1922,848.17
Slovakia1923,768.62
Slovakia1924,747.96
Slovakia1925,911.84
Slovakia1926,901.68
Slovakia1927,783.96
Slovakia1928,656.24
Slovakia1929,720.07
Slovakia1930,887.06
Slovakia1931,770.07
Slovakia1932,602.17
Slovakia1933,814.63
Slovakia1934,714.84
Slovakia1935,757.69
Slovakia1936,902.62
Slovakia1937,988.88
Slovakia1938,799.63
Slovakia1939,908.75
Slovakia1940,944.4
Slovakia1941,895.22
Slovakia1942,672.85
Slovakia1943,665.63
Slovakia1944,898.97
Slovakia1945,727.32
Slovakia1946,717.34
Slovakia1947,644.27
Slovakia1948,765.66
Slovakia1949,746.44
Slovakia1950,782.36
Slovakia1951,783.94
Slovakia1952,854.79
Slovakia1953,675.2
Slovakia1954,742.22
Slovakia1955,829.69
Slovakia1956,641.98
Slovakia1957,727.12
Slovakia1958,833.52
Slovakia1959,721.72
Slovakia1960,889.7
Slovakia1961,637.82
Slovakia1962,757.69
Slovakia1963,718.86
Slovakia1964,768.21
Slovakia1965,947.91
Slovakia1966,947.28
Slovakia1967,687.75
Slovakia1968,744.75
Slovakia1969,704.37
Slovakia1970,898.61
Slovakia1971,626.43
Slovakia1972,794.13
Slovakia1973,622.2
Slovakia1974,894.85
Slovakia1975,768.39
Slovakia1976,747.45
Slovakia1977,763.13
Slovakia1978,693.16
Slovakia1979,784.48
Slovakia1980,834.09
Slovakia1981,738.83
Slovakia1982,644.2
Slovakia1983,632.02
Slovakia1984,724.8
Slovakia1985,810.11
Slovakia1986,595.92
Slovakia1987,754.13
Slovakia1988,708.3
Slovakia1989,717.33
Slovakia1990,698.9
Slovakia1991,729.69
Slovakia1992,642.07
Slovakia1993,623.24
Slovakia1994,740.3
Slovakia1995,785.85
Slovakia1996,797.44
Slovakia1997,719.51
Slovakia1998,807.56
Slovakia1999,842.31
Slovakia2000,694.97
Slovakia2001,805.91
Slovakia2002,794.47
Slovakia2003,587.53
Slovakia2004,795.9
Slovakia2005,830.39
Slovakia2006,704.88
Slovakia2007,784.66
Slovakia2008,754.94
Slovakia2009,839.54
Slovakia2010,1108.74
Slovakia2011,606.58
Slovakia2012,661.49
Slovakia2013,780.59
Slovakia2014,849.39
Slovakia2015,675.05
Slovakia2016,901.74
Slovakia2017,797.31
Slovakia2018,706.6
Slovakia2019,769.31
Slovakia2020,844.38
Slovakia2021,734.42
Slovenia1901,1610.11
Slovenia1902,1414.19
Slovenia1903,1635.81
Slovenia1904,1531.75
Slovenia1905,1638.73
Slovenia1906,1574.76
Slovenia1907,1434.3
Slovenia1908,1103.52
Slovenia1909,1501.32
Slovenia1910,1827.52
Slovenia1911,1314.89
Slovenia1912,1553.92
Slovenia1913,1435.85
Slovenia1914,1557.4
Slovenia1915,1841.28
Slovenia1916,1837.8
Slovenia1917,1544.39
Slovenia1918,1445.99
Slovenia1919,1737.39
Slovenia1920,1235.63
Slovenia1921,951.68
Slovenia1922,1504.36
Slovenia1923,1603.85
Slovenia1924,1352.12
Slovenia1925,1684.06
Slovenia1926,1781.65
Slovenia1927,1493.3
Slovenia1928,1433.73
Slovenia1929,1280.6
Slovenia1930,1595.65
Slovenia1931,1433.02
Slovenia1932,1277.07
Slovenia1933,1804.52
Slovenia1934,1716.16
Slovenia1935,1455.92
Slovenia1936,1546.19
Slovenia1937,2081.91
Slovenia1938,1216.33
Slovenia1939,1351.14
Slovenia1940,1551.47
Slovenia1941,1512.39
Slovenia1942,1117.1
Slovenia1943,1303.22
Slovenia1944,1457.51
Slovenia1945,1104.1
Slovenia1946,1136.94
Slovenia1947,1286.56
Slovenia1948,1652.15
Slovenia1949,1165.52
Slovenia1950,1459.06
Slovenia1951,1635.2
Slovenia1952,1516.53
Slovenia1953,1233.26
Slovenia1954,1484.36
Slovenia1955,1522.76
Slovenia1956,1389.43
Slovenia1957,1295.66
Slovenia1958,1530.35
Slovenia1959,1484.44
Slovenia1960,1775.32
Slovenia1961,1400.09
Slovenia1962,1600.16
Slovenia1963,1468.61
Slovenia1964,1492.13
Slovenia1965,1786.21
Slovenia1966,1509.8
Slovenia1967,1258.38
Slovenia1968,1355.24
Slovenia1969,1455.38
Slovenia1970,1421.05
Slovenia1971,1079.71
Slovenia1972,1567.3
Slovenia1973,1227.27
Slovenia1974,1414.41
Slovenia1975,1398.59
Slovenia1976,1375.28
Slovenia1977,1325.59
Slovenia1978,1380.4
Slovenia1979,1600.62
Slovenia1980,1465.78
Slovenia1981,1328.92
Slovenia1982,1400.67
Slovenia1983,1099.2
Slovenia1984,1424.88
Slovenia1985,1362.55
Slovenia1986,1299.18
Slovenia1987,1470.46
Slovenia1988,1236.23
Slovenia1989,1302.69
Slovenia1990,1386.72
Slovenia1991,1319.96
Slovenia1992,1388.34
Slovenia1993,1304.13
Slovenia1994,1348.46
Slovenia1995,1501.47
Slovenia1996,1554.49
Slovenia1997,1245.37
Slovenia1998,1457.5
Slovenia1999,1449.95
Slovenia2000,1387.37
Slovenia2001,1223.98
Slovenia2002,1423.15
Slovenia2003,1046.42
Slovenia2004,1516.46
Slovenia2005,1396.25
Slovenia2006,1195.38
Slovenia2007,1293.64
Slovenia2008,1431.38
Slovenia2009,1504.02
Slovenia2010,1586.25
Slovenia2011,1048.25
Slovenia2012,1372.4
Slovenia2013,1591.09
Slovenia2014,1780.04
Slovenia2015,1434.19
Slovenia2016,1698.73
Slovenia2017,1545.1
Slovenia2018,1415.59
Slovenia2019,1618.71
Slovenia2020,1588.68
Slovenia2021,1300.8
Sweden1901,450.41
Sweden1902,531.58
Sweden1903,611.55
Sweden1904,521.95
Sweden1905,534.39
Sweden1906,531.04
Sweden1907,598.48
Sweden1908,486.55
Sweden1909,624.95
Sweden1910,578.93
Sweden1911,523.57
Sweden1912,650.57
Sweden1913,525.91
Sweden1914,489.54
Sweden1915,555.72
Sweden1916,626.06
Sweden1917,523.11
Sweden1918,541.8
Sweden1919,563.44
Sweden1920,591.03
Sweden1921,626.02
Sweden1922,545.51
Sweden1923,617.87
Sweden1924,632.29
Sweden1925,589.83
Sweden1926,586.58
Sweden1927,694.34
Sweden1928,625.52
Sweden1929,637.22
Sweden1930,596.35
Sweden1931,609.61
Sweden1932,586.97
Sweden1933,472.63
Sweden1934,660.39
Sweden1935,705.25
Sweden1936,589.56
Sweden1937,582.93
Sweden1938,643.86
Sweden1939,553.52
Sweden1940,571.8
Sweden1941,514.52
Sweden1942,546.56
Sweden1943,582.31
Sweden1944,682.23
Sweden1945,647.64
Sweden1946,615.64
Sweden1947,463.74
Sweden1948,579.3
Sweden1949,632.88
Sweden1950,657.11
Sweden1951,577.18
Sweden1952,615.49
Sweden1953,616.93
Sweden1954,664.93
Sweden1955,518.66
Sweden1956,523.82
Sweden1957,646.47
Sweden1958,587.44
Sweden1959,534.53
Sweden1960,693.47
Sweden1961,661.58
Sweden1962,603.7
Sweden1963,571.98
Sweden1964,585.98
Sweden1965,614.18
Sweden1966,659.77
Sweden1967,697.99
Sweden1968,567.8
Sweden1969,521.39
Sweden1970,591.6
Sweden1971,576.25
Sweden1972,569.55
Sweden1973,597.5
Sweden1974,651.74
Sweden1975,554.02
Sweden1976,480.97
Sweden1977,661.41
Sweden1978,550.76
Sweden1979,662.72
Sweden1980,598.13
Sweden1981,680.79
Sweden1982,592.74
Sweden1983,661.94
Sweden1984,647.7
Sweden1985,710.37
Sweden1986,629.85
Sweden1987,669.52
Sweden1988,666.67
Sweden1989,597.5
Sweden1990,668.76
Sweden1991,598.47
Sweden1992,668.85
Sweden1993,665.15
Sweden1994,575.82
Sweden1995,630.91
Sweden1996,570.24
Sweden1997,587.91
Sweden1998,773.68
Sweden1999,688.34
Sweden2000,820.68
Sweden2001,714.02
Sweden2002,592.97
Sweden2003,577.82
Sweden2004,652.36
Sweden2005,632.63
Sweden2006,652.16
Sweden2007,683.13
Sweden2008,695.48
Sweden2009,660.26
Sweden2010,644.76
Sweden2011,684.42
Sweden2012,736.57
Sweden2013,587.59
Sweden2014,630.14
Sweden2015,690.14
Sweden2016,625.78
Sweden2017,678.22
Sweden2018,539.63
Sweden2019,682.36
Sweden2020,669.34
Sweden2021,608.87
