Country,Year,Stock,Key,Rmmy,TÂ°C
Austria,2000,2152811,Austria2000,1171.79,7.97
Austria,2001,2155447,Austria2001,1058.36,7.03
Austria,2002,2118454,Austria2002,1212.56,7.73
Austria,2003,2066942,Austria2003,891.8,7.35
Austria,2004,2052033,Austria2004,1080.3,6.75
Austria,2005,2050991,Austria2005,1125.97,6.42
Austria,2006,2010680,Austria2006,1043.76,7.22
Austria,2007,2002919,Austria2007,1164.0,7.8
Austria,2008,2000196,Austria2008,1097.08,7.65
Austria,2009,1997209,Austria2009,1223.73,7.5
Austria,2010,2026260,Austria2010,1158.11,6.53
Austria,2011,2013281,Austria2011,947.19,7.91
Austria,2012,1976527,Austria2012,1126.57,7.68
Austria,2013,1955618,Austria2013,1167.4,7.36
Austria,2014,1958282,Austria2014,1242.28,8.36
Austria,2015,1961201,Austria2015,1076.54,8.29
Austria,2016,1957610,Austria2016,1346.71,7.75
Austria,2017,1954391,Austria2017,1271.81,7.69
Austria,2018,1912810,Austria2018,1099.63,8.54
Austria,2019,1879520,Austria2019,1188.97,8.39
Austria,2020,1855430,Austria2020,1279.32,8.24
Austria,2021,1870100,Austria2021,1090.11,7.35
Belgium,2000,3041560,Belgium2000,1043.98,10.96
Belgium,2001,3037760,Belgium2001,1088.7,10.48
Belgium,2002,2891260,Belgium2002,1033.0,10.9
Belgium,2003,2778077,Belgium2003,730.79,10.78
Belgium,2004,2738648,Belgium2004,882.16,10.38
Belgium,2005,2698649,Belgium2005,867.01,10.69
Belgium,2006,2669076,Belgium2006,891.7,10.98
Belgium,2007,2649392,Belgium2007,988.59,11.09
Belgium,2008,2605532,Belgium2008,936.48,10.57
Belgium,2009,2600453,Belgium2009,885.15,10.64
Belgium,2010,2593000,Belgium2010,910.47,9.36
Belgium,2011,2560319,Belgium2011,795.14,11.19
Belgium,2012,2484272,Belgium2012,1001.32,10.43
Belgium,2013,2454704,Belgium2013,887.03,9.92
Belgium,2014,2477236,Belgium2014,894.0,11.71
Belgium,2015,2503262,Belgium2015,845.68,11.07
Belgium,2016,2501349,Belgium2016,951.0,10.75
Belgium,2017,2385988,Belgium2017,880.52,11.06
Belgium,2018,2398090,Belgium2018,777.59,11.64
Belgium,2019,2373100,Belgium2019,873.99,11.38
Belgium,2020,2335440,Belgium2020,845.66,11.88
Belgium,2021,2310440,Belgium2021,986.24,10.47
Bulgaria,2000,681661,Bulgaria2000,433.63,11.54
Bulgaria,2001,639778,Bulgaria2001,552.33,11.45
Bulgaria,2002,634466,Bulgaria2002,703.82,11.52
Bulgaria,2003,691230,Bulgaria2003,615.62,10.69
Bulgaria,2004,728336,Bulgaria2004,630.66,11.08
Bulgaria,2005,671579,Bulgaria2005,808.69,10.7
Bulgaria,2006,621797,Bulgaria2006,679.76,10.86
Bulgaria,2007,628271,Bulgaria2007,694.18,11.95
Bulgaria,2008,602056,Bulgaria2008,510.9,11.86
Bulgaria,2009,564904,Bulgaria2009,751.01,11.83
Bulgaria,2010,539555,Bulgaria2010,787.21,11.79
Bulgaria,2011,544456,Bulgaria2011,532.72,10.88
Bulgaria,2012,557641,Bulgaria2012,663.29,11.88
Bulgaria,2013,526112,Bulgaria2013,604.88,11.97
Bulgaria,2014,575584,Bulgaria2014,949.68,12.01
Bulgaria,2015,552807,Bulgaria2015,754.09,11.86
Bulgaria,2016,550201,Bulgaria2016,693.42,11.91
Bulgaria,2017,557866,Bulgaria2017,760.61,11.76
Bulgaria,2018,542120,Bulgaria2018,718.75,12.35
Bulgaria,2019,527190,Bulgaria2019,562.68,12.82
Bulgaria,2020,588910,Bulgaria2020,629.39,12.5
Bulgaria,2021,611200,Bulgaria2021,809.23,11.98
Croatia,2000,426570,Croatia2000,928.17,12.42
Croatia,2001,438423,Croatia2001,1076.72,11.49
Croatia,2002,417113,Croatia2002,1199.82,12.13
Croatia,2003,444320,Croatia2003,798.35,11.71
Croatia,2004,465935,Croatia2004,1199.28,11.11
Croatia,2005,471025,Croatia2005,1197.81,10.69
Croatia,2006,482905,Croatia2006,947.28,11.53
Croatia,2007,467077,Croatia2007,1048.48,12.31
Croatia,2008,453555,Croatia2008,1058.59,12.22
Croatia,2009,447000,Croatia2009,1141.27,12.09
Croatia,2010,444000,Croatia2010,1352.65,11.2
Croatia,2011,446555,Croatia2011,760.43,12.1
Croatia,2012,452000,Croatia2012,994.14,12.28
Croatia,2013,442000,Croatia2013,1252.99,11.99
Croatia,2014,441000,Croatia2014,1467.65,12.62
Croatia,2015,440092,Croatia2015,1074.47,12.51
Croatia,2016,444613,Croatia2016,1197.94,12.1
Croatia,2017,450757,Croatia2017,1028.21,12.13
Croatia,2018,414000,Croatia2018,1080.57,12.92
Croatia,2019,420000,Croatia2019,1250.94,12.91
Croatia,2020,423000,Croatia2020,1082.7,12.46
Croatia,2021,428000,Croatia2021,1040.53,11.95
Cyprus,2000,53979,Cyprus2000,493.39,18.48
Cyprus,2001,53434,Cyprus2001,505.94,19.55
Cyprus,2002,58156,Cyprus2002,438.03,18.8
Cyprus,2003,58335,Cyprus2003,585.69,18.95
Cyprus,2004,60311,Cyprus2004,500.05,18.73
Cyprus,2005,57579,Cyprus2005,389.97,18.66
Cyprus,2006,56109,Cyprus2006,368.42,18.52
Cyprus,2007,55920,Cyprus2007,443.22,18.97
Cyprus,2008,55684,Cyprus2008,278.42,19.04
Cyprus,2009,54097,Cyprus2009,613.16,19.06
Cyprus,2010,54715,Cyprus2010,418.97,20.35
Cyprus,2011,56915,Cyprus2011,515.79,18.56
Cyprus,2012,56918,Cyprus2012,711.06,19.32
Cyprus,2013,57582,Cyprus2013,340.57,19.36
Cyprus,2014,60874,Cyprus2014,454.68,19.49
Cyprus,2015,58559,Cyprus2015,493.38,18.86
Cyprus,2016,63147,Cyprus2016,402.25,19.55
Cyprus,2017,66862,Cyprus2017,346.53,19.16
Cyprus,2018,70820,Cyprus2018,550.49,20.07
Cyprus,2019,73970,Cyprus2019,630.67,19.44
Cyprus,2020,83030,Cyprus2020,485.64,19.73
Cyprus,2021,84610,Cyprus2021,407.53,19.84
Czechia,2000,1573530,Czechia2000,653.05,9.27
Czechia,2001,1582027,Czechia2001,750.03,8.06
Czechia,2002,1520136,Czechia2002,795.27,8.8
Czechia,2003,1473828,Czechia2003,508.32,8.45
Czechia,2004,1428329,Czechia2004,645.77,8.07
Czechia,2005,1397308,Czechia2005,710.3,7.92
Czechia,2006,1373645,Czechia2006,670.97,8.44
Czechia,2007,1391393,Czechia2007,745.03,9.2
Czechia,2008,1401607,Czechia2008,639.33,9.03
Czechia,2009,1363213,Czechia2009,745.92,8.66
Czechia,2010,1349286,Czechia2010,860.45,7.43
Czechia,2011,1343686,Czechia2011,590.7,8.91
Czechia,2012,1353685,Czechia2012,663.21,8.68
Czechia,2013,1352822,Czechia2013,729.14,8.31
Czechia,2014,1373560,Czechia2014,720.67,9.76
Czechia,2015,1407132,Czechia2015,562.76,9.64
Czechia,2016,1415658,Czechia2016,731.13,9.04
Czechia,2017,1421242,Czechia2017,706.03,8.96
Czechia,2018,1365240,Czechia2018,573.49,9.93
Czechia,2019,1367050,Czechia2019,623.63,9.79
Czechia,2020,1340040,Czechia2020,722.5,9.61
Czechia,2021,1359420,Czechia2021,704.28,8.5
Denmark,2000,1867937,Denmark2000,739.14,9.3
Denmark,2001,1906911,Denmark2001,732.97,8.33
Denmark,2002,1796118,Denmark2002,832.13,9.16
Denmark,2003,1724409,Denmark2003,613.88,8.71
Denmark,2004,1645764,Denmark2004,754.84,8.71
Denmark,2005,1570085,Denmark2005,637.9,8.8
Denmark,2006,1534763,Denmark2006,768.48,9.39
Denmark,2007,1566218,Denmark2007,852.31,9.55
Denmark,2008,1564393,Denmark2008,740.89,9.56
Denmark,2009,1540340,Denmark2009,705.84,8.92
Denmark,2010,1571050,Denmark2010,734.08,7.14
Denmark,2011,1567971,Denmark2011,807.5,9.12
Denmark,2012,1606826,Denmark2012,753.03,8.49
Denmark,2013,1614644,Denmark2013,683.79,8.64
Denmark,2014,1563535,Denmark2014,817.0,10.18
Denmark,2015,1551948,Denmark2015,855.88,9.33
Denmark,2016,1568288,Denmark2016,676.59,9.1
Denmark,2017,1545417,Denmark2017,958.44,9.0
Denmark,2018,1530000,Denmark2018,598.14,9.63
Denmark,2019,1500000,Denmark2019,847.19,9.65
Denmark,2020,1500000,Denmark2020,727.77,10.04
Denmark,2021,1480000,Denmark2021,733.99,8.92
Estonia,2000,267300,Estonia2000,660.23,7.06
Estonia,2001,252800,Estonia2001,768.46,6.05
Estonia,2002,260500,Estonia2002,528.45,6.21
Estonia,2003,253900,Estonia2003,626.51,5.78
Estonia,2004,257200,Estonia2004,724.14,5.97
Estonia,2005,249800,Estonia2005,635.79,6.11
Estonia,2006,249500,Estonia2006,552.5,6.57
Estonia,2007,244800,Estonia2007,692.79,6.72
Estonia,2008,240500,Estonia2008,781.37,7.23
Estonia,2009,237900,Estonia2009,714.63,6.02
Estonia,2010,234700,Estonia2010,749.5,4.93
Estonia,2011,236300,Estonia2011,673.6,6.93
Estonia,2012,238300,Estonia2012,843.93,5.59
Estonia,2013,246000,Estonia2013,596.24,6.75
Estonia,2014,261400,Estonia2014,635.17,6.94
Estonia,2015,264700,Estonia2015,578.29,7.37
Estonia,2016,248236,Estonia2016,694.77,6.46
Estonia,2017,250900,Estonia2017,788.71,6.25
Estonia,2018,251900,Estonia2018,548.69,7.03
Estonia,2019,254000,Estonia2019,718.51,7.18
Estonia,2020,253300,Estonia2020,693.45,8.12
Estonia,2021,250800,Estonia2021,694.62,6.28
Finland,2000,1056700,Finland2000,649.95,3.23
Finland,2001,1037400,Finland2001,588.52,1.86
Finland,2002,1025400,Finland2002,504.33,1.94
Finland,2003,1000200,Finland2003,543.4,2.2
Finland,2004,969000,Finland2004,663.44,2.3
Finland,2005,958925,Finland2005,627.97,2.97
Finland,2006,949291,Finland2006,509.88,2.7
Finland,2007,926694,Finland2007,642.74,2.92
Finland,2008,915345,Finland2008,697.19,2.96
Finland,2009,918268,Finland2009,550.38,2.19
Finland,2010,925808,Finland2010,568.56,0.91
Finland,2011,914053,Finland2011,640.83,3.36
Finland,2012,912768,Finland2012,723.37,1.59
Finland,2013,911847,Finland2013,545.82,3.17
Finland,2014,914439,Finland2014,553.81,3.29
Finland,2015,914717,Finland2015,641.22,3.56
Finland,2016,909021,Finland2016,651.22,2.95
Finland,2017,893178,Finland2017,624.03,2.36
Finland,2018,859380,Finland2018,496.45,3.14
Finland,2019,840740,Finland2019,646.25,2.63
Finland,2020,835380,Finland2020,648.5,4.11
Finland,2021,829980,Finland2021,629.66,2.3
France,2000,21256247,France2000,959.98,11.84
France,2001,21137970,France2001,890.6,11.4
France,2002,20461291,France2002,948.55,11.83
France,2003,19772441,France2003,728.53,11.85
France,2004,19516224,France2004,788.89,11.34
France,2005,19421068,France2005,674.39,11.33
France,2006,19534688,France2006,817.7,11.92
France,2007,19885156,France2007,834.7,11.6
France,2008,20046940,France2008,935.32,11.3
France,2009,19805378,France2009,804.38,11.68
France,2010,19555173,France2010,840.86,10.61
France,2011,19085561,France2011,730.83,12.3
France,2012,19005649,France2012,863.23,11.53
France,2013,19095797,France2013,940.65,11.08
France,2014,19248627,France2014,934.64,12.47
France,2015,19386522,France2015,713.96,12.16
France,2016,19373382,France2016,815.03,11.72
France,2017,18953568,France2017,735.38,11.94
France,2018,18613040,France2018,877.23,12.63
France,2019,18172970,France2019,839.29,12.36
France,2020,17815670,France2020,814.97,12.71
France,2021,17330080,France2021,836.2,11.57
Germany,2000,14657901,Germany2000,757.74,10.09
Germany,2001,14567737,Germany2001,812.38,9.21
Germany,2002,14226600,Germany2002,910.58,9.75
Germany,2003,13643703,Germany2003,568.34,9.57
Germany,2004,13195800,Germany2004,731.39,9.14
Germany,2005,13034500,Germany2005,718.19,9.26
Germany,2006,12747900,Germany2006,700.73,9.82
Germany,2007,12686644,Germany2007,885.79,10.09
Germany,2008,12969674,Germany2008,720.15,9.76
Germany,2009,12944903,Germany2009,751.49,9.52
Germany,2010,12809492,Germany2010,789.24,8.19
Germany,2011,12562600,Germany2011,677.6,10.03
Germany,2012,12477389,Germany2012,726.41,9.45
Germany,2013,12587020,Germany2013,741.73,9.07
Germany,2014,12742190,Germany2014,713.49,10.64
Germany,2015,12635456,Germany2015,655.25,10.32
Germany,2016,12466586,Germany2016,713.24,9.86
Germany,2017,12281195,Germany2017,814.74,9.91
Germany,2018,11949090,Germany2018,571.21,10.74
Germany,2019,11639530,Germany2019,676.23,10.54
Germany,2020,11301860,Germany2020,661.6,10.79
Germany,2021,11039660,Germany2021,772.58,9.49
Greece,2000,601933,Greece2000,427.2,14.17
Greece,2001,613060,Greece2001,587.26,14.37
Greece,2002,621358,Greece2002,820.54,14.08
Greece,2003,625854,Greece2003,727.34,13.91
Greece,2004,620686,Greece2004,640.14,13.88
Greece,2005,603993,Greece2005,723.47,13.53
Greece,2006,617695,Greece2006,715.62,13.58
Greece,2007,628885,Greece2007,670.27,14.32
Greece,2008,623643,Greece2008,578.78,14.34
Greece,2009,626301,Greece2009,893.11,14.27
Greece,2010,627192,Greece2010,713.33,14.76
Greece,2011,627132,Greece2011,635.48,13.65
Greece,2012,622715,Greece2012,721.7,14.48
Greece,2013,608964,Greece2013,648.13,14.55
Greece,2014,599875,Greece2014,917.09,14.46
Greece,2015,606705,Greece2015,739.26,14.17
Greece,2016,608857,Greece2016,680.16,14.63
Greece,2017,610690,Greece2017,698.81,14.31
Greece,2018,542000,Greece2018,741.91,15.0
Greece,2019,530000,Greece2019,836.77,14.95
Greece,2020,579000,Greece2020,660.81,14.8
Greece,2021,564000,Greece2021,719.79,14.89
Hungary,2000,857000,Hungary2000,450.46,12.15
Hungary,2001,805000,Hungary2001,591.67,11.08
Hungary,2002,783000,Hungary2002,597.67,11.89
Hungary,2003,770000,Hungary2003,471.55,11.12
Hungary,2004,739000,Hungary2004,682.67,10.82
Hungary,2005,723000,Hungary2005,707.8,10.47
Hungary,2006,708000,Hungary2006,590.16,11.13
Hungary,2007,702000,Hungary2007,638.91,12.19
Hungary,2008,705000,Hungary2008,618.54,12.11
Hungary,2009,701000,Hungary2009,645.37,11.96
Hungary,2010,700000,Hungary2010,886.22,10.98
Hungary,2011,682000,Hungary2011,437.75,11.51
Hungary,2012,697000,Hungary2012,529.31,11.91
Hungary,2013,760000,Hungary2013,620.79,11.8
Hungary,2014,782000,Hungary2014,748.03,12.65
Hungary,2015,802000,Hungary2015,584.52,12.41
Hungary,2016,821000,Hungary2016,748.76,11.8
Hungary,2017,852000,Hungary2017,621.68,11.86
Hungary,2018,885000,Hungary2018,602.08,12.72
Hungary,2019,909000,Hungary2019,626.25,12.83
Hungary,2020,932900,Hungary2020,643.65,12.25
Hungary,2021,909900,Hungary2021,556.95,11.57
Ireland,2000,7037400,Ireland2000,1284.66,9.63
Ireland,2001,7049700,Ireland2001,971.09,9.55
Ireland,2002,6992200,Ireland2002,1451.22,9.91
Ireland,2003,6999500,Ireland2003,999.65,10.02
Ireland,2004,7015600,Ireland2004,1114.92,9.9
Ireland,2005,6991800,Ireland2005,1095.79,10.03
Ireland,2006,6977800,Ireland2006,1209.52,10.15
Ireland,2007,6890900,Ireland2007,1099.56,10.28
Ireland,2008,6902100,Ireland2008,1348.08,9.65
Ireland,2009,6890700,Ireland2009,1379.24,9.67
Ireland,2010,6606600,Ireland2010,1052.34,8.72
Ireland,2011,6493000,Ireland2011,1169.23,9.77
Ireland,2012,6754100,Ireland2012,1215.64,9.51
Ireland,2013,6902600,Ireland2013,1122.51,9.5
Ireland,2014,6926100,Ireland2014,1352.8,10.1
Ireland,2015,6963500,Ireland2015,1367.08,9.45
Ireland,2016,7221200,Ireland2016,1124.15,9.76
Ireland,2017,7363498,Ireland2017,1174.26,10.0
Ireland,2018,6593490,Ireland2018,1206.47,9.7
Ireland,2019,6559650,Ireland2019,1289.4,9.87
Ireland,2020,6529440,Ireland2020,1351.05,9.79
Ireland,2021,6649310,Ireland2021,1147.14,9.95
Italy,2000,7162000,Italy2000,802.66,13.37
Italy,2001,6050000,Italy2001,767.13,13.18
Italy,2002,6739000,Italy2002,950.18,13.39
Italy,2003,6504703,Italy2003,720.31,13.49
Italy,2004,6504000,Italy2004,853.08,12.9
Italy,2005,6304000,Italy2005,831.26,12.52
Italy,2006,6255000,Italy2006,704.82,13.25
Italy,2007,6117000,Italy2007,737.22,13.46
Italy,2008,6283000,Italy2008,908.08,13.32
Italy,2009,6179000,Italy2009,874.27,13.38
Italy,2010,6103000,Italy2010,953.09,12.78
Italy,2011,5832457,Italy2011,720.84,13.6
Italy,2012,6091471,Italy2012,749.07,13.46
Italy,2013,5846672,Italy2013,858.64,13.19
Italy,2014,5756072,Italy2014,927.82,13.86
Italy,2015,5781348,Italy2015,713.28,13.82
Italy,2016,5929767,Italy2016,776.5,13.61
Italy,2017,5949393,Italy2017,669.65,13.48
Italy,2018,6311160,Italy2018,739.44,14.13
Italy,2019,6377230,Italy2019,890.82,13.9
Italy,2020,6400040,Italy2020,769.88,13.85
Italy,2021,6280280,Italy2021,730.57,13.5
Latvia,2000,378400,Latvia2000,650.51,7.53
Latvia,2001,366700,Latvia2001,790.11,6.64
Latvia,2002,384700,Latvia2002,582.44,7.06
Latvia,2003,388100,Latvia2003,639.26,6.38
Latvia,2004,378600,Latvia2004,692.82,6.46
Latvia,2005,371100,Latvia2005,633.68,6.45
Latvia,2006,385200,Latvia2006,595.87,7.01
Latvia,2007,377100,Latvia2007,721.01,7.29
Latvia,2008,398700,Latvia2008,710.09,7.69
Latvia,2009,380200,Latvia2009,740.31,6.63
Latvia,2010,378200,Latvia2010,826.3,5.65
Latvia,2011,379500,Latvia2011,645.13,7.25
Latvia,2012,380600,Latvia2012,813.83,6.18
Latvia,2013,393100,Latvia2013,648.08,7.08
Latvia,2014,406500,Latvia2014,671.04,7.35
Latvia,2015,422019,Latvia2015,576.33,7.94
Latvia,2016,419084,Latvia2016,720.98,7.08
Latvia,2017,412314,Latvia2017,826.48,6.89
Latvia,2018,395330,Latvia2018,568.89,7.6
Latvia,2019,395320,Latvia2019,676.06,7.97
Latvia,2020,398990,Latvia2020,661.85,8.56
Latvia,2021,393470,Latvia2021,694.02,6.81
Lithuania,2000,897800,Lithuania2000,623.75,8.08
Lithuania,2001,748300,Lithuania2001,756.43,7.17
Lithuania,2002,751700,Lithuania2002,614.09,7.72
Lithuania,2003,779100,Lithuania2003,628.95,6.88
Lithuania,2004,812100,Lithuania2004,694.16,6.88
Lithuania,2005,792000,Lithuania2005,644.09,6.88
Lithuania,2006,800300,Lithuania2006,609.8,7.38
Lithuania,2007,838800,Lithuania2007,753.47,7.83
Lithuania,2008,787900,Lithuania2008,683.25,8.14
Lithuania,2009,770900,Lithuania2009,730.65,7.13
Lithuania,2010,759400,Lithuania2010,851.14,6.3
Lithuania,2011,748000,Lithuania2011,659.53,7.68
Lithuania,2012,752400,Lithuania2012,786.07,6.78
Lithuania,2013,729200,Lithuania2013,686.89,7.54
Lithuania,2014,713500,Lithuania2014,646.8,7.84
Lithuania,2015,736612,Lithuania2015,575.75,8.43
Lithuania,2016,722602,Lithuania2016,763.94,7.69
Lithuania,2017,694752,Lithuania2017,837.48,7.5
Lithuania,2018,653500,Lithuania2018,580.61,8.19
Lithuania,2019,634600,Lithuania2019,613.89,8.64
Lithuania,2020,629500,Lithuania2020,636.34,8.96
Lithuania,2021,628700,Lithuania2021,709.01,7.28
Luxembourg,2000,205072,Luxembourg2000,1084.78,10.39
Luxembourg,2001,205193,Luxembourg2001,1171.92,9.86
Luxembourg,2002,197257,Luxembourg2002,1103.5,10.31
Luxembourg,2003,189674,Luxembourg2003,756.5,10.18
Luxembourg,2004,186725,Luxembourg2004,910.5,9.68
Luxembourg,2005,185235,Luxembourg2005,793.72,9.95
Luxembourg,2006,183640,Luxembourg2006,911.92,10.3
Luxembourg,2007,191928,Luxembourg2007,1047.62,10.47
Luxembourg,2008,195661,Luxembourg2008,979.69,9.9
Luxembourg,2009,196470,Luxembourg2009,948.82,10.04
Luxembourg,2010,198892,Luxembourg2010,992.27,8.8
Luxembourg,2011,192535,Luxembourg2011,806.14,10.59
Luxembourg,2012,188473,Luxembourg2012,982.17,9.87
Luxembourg,2013,193623,Luxembourg2013,945.12,9.37
Luxembourg,2014,198780,Luxembourg2014,900.24,11.1
Luxembourg,2015,201036,Luxembourg2015,816.56,10.56
Luxembourg,2016,201416,Luxembourg2016,976.33,10.12
Luxembourg,2017,202281,Luxembourg2017,897.76,10.45
Luxembourg,2018,194390,Luxembourg2018,814.82,11.16
Luxembourg,2019,192100,Luxembourg2019,897.21,10.83
Luxembourg,2020,190690,Luxembourg2020,827.43,11.33
Luxembourg,2021,187200,Luxembourg2021,1023.89,9.81
Malta,2000,19200,Malta2000,396.05,19.54
Malta,2001,19200,Malta2001,355.37,19.97
Malta,2002,19003,Malta2002,434.52,19.62
Malta,2003,18770,Malta2003,601.7,19.82
Malta,2004,17940,Malta2004,449.39,19.38
Malta,2005,19408,Malta2005,484.93,19.18
Malta,2006,19742,Malta2006,480.6,19.7
Malta,2007,19233,Malta2007,509.71,19.73
Malta,2008,19442,Malta2008,418.19,19.75
Malta,2009,16264,Malta2009,599.17,19.66
Malta,2010,14954,Malta2010,458.42,19.9
Malta,2011,15074,Malta2011,491.05,19.49
Malta,2012,15593,Malta2012,444.8,19.94
Malta,2013,15220,Malta2013,455.99,19.83
Malta,2014,14883,Malta2014,479.55,20.18
Malta,2015,15020,Malta2015,549.9,20.06
Malta,2016,14356,Malta2016,375.79,20.25
Malta,2017,14184,Malta2017,459.63,19.78
Malta,2018,14120,Malta2018,507.0,20.06
Malta,2019,14000,Malta2019,470.28,19.92
Malta,2020,14290,Malta2020,388.32,20.04
Malta,2021,14020,Malta2021,489.81,20.28
Netherlands,2000,4070000,Netherlands2000,880.49,10.83
Netherlands,2001,4047000,Netherlands2001,928.55,10.28
Netherlands,2002,3858000,Netherlands2002,915.08,10.72
Netherlands,2003,3759000,Netherlands2003,631.8,10.55
Netherlands,2004,3767000,Netherlands2004,846.8,10.28
Netherlands,2005,3799000,Netherlands2005,810.49,10.52
Netherlands,2006,3749000,Netherlands2006,753.69,10.91
Netherlands,2007,3763000,Netherlands2007,910.25,11.04
Netherlands,2008,3890000,Netherlands2008,843.28,10.53
Netherlands,2009,3967600,Netherlands2009,754.39,10.47
Netherlands,2010,3975190,Netherlands2010,793.56,9.04
Netherlands,2011,3885350,Netherlands2011,759.69,10.88
Netherlands,2012,3879250,Netherlands2012,842.66,10.22
Netherlands,2013,3999220,Netherlands2013,721.25,9.74
Netherlands,2014,4169000,Netherlands2014,761.15,11.61
Netherlands,2015,4315000,Netherlands2015,816.79,10.86
Netherlands,2016,4294000,Netherlands2016,782.77,10.65
Netherlands,2017,4030000,Netherlands2017,859.07,10.89
Netherlands,2018,3690000,Netherlands2018,633.68,11.4
Netherlands,2019,3721000,Netherlands2019,807.4,11.24
Netherlands,2020,3691000,Netherlands2020,775.13,11.66
Netherlands,2021,3705000,Netherlands2021,865.8,10.39
Poland,2000,6082549,Poland2000,618.18,9.46
Poland,2001,5734339,Poland2001,701.48,8.35
Poland,2002,5532728,Poland2002,622.87,9.09
Poland,2003,5488943,Poland2003,488.42,8.39
Poland,2004,5353421,Poland2004,600.03,8.32
Poland,2005,5483290,Poland2005,571.81,8.29
Poland,2006,5606358,Poland2006,551.26,8.67
Poland,2007,5696186,Poland2007,668.17,9.37
Poland,2008,5756639,Poland2008,598.55,9.4
Poland,2009,5700017,Poland2009,677.52,8.68
Poland,2010,5742094,Poland2010,791.84,7.64
Poland,2011,5761878,Poland2011,544.78,8.96
Poland,2012,5776767,Poland2012,605.24,8.57
Poland,2013,5859540,Poland2013,646.95,8.66
Poland,2014,5920411,Poland2014,627.32,9.79
Poland,2015,5960693,Poland2015,513.01,9.79
Poland,2016,5939046,Poland2016,669.36,9.25
Poland,2017,6143083,Poland2017,725.91,9.08
Poland,2018,6183300,Poland2018,506.45,9.96
Poland,2019,6261600,Poland2019,539.21,10.17
Poland,2020,6278900,Poland2020,622.07,10.03
Poland,2021,6378700,Poland2021,643.39,8.75
Portugal,2000,1421000,Portugal2000,991.18,15.57
Portugal,2001,1414000,Portugal2001,921.41,15.69
Portugal,2002,1404000,Portugal2002,970.3,15.57
Portugal,2003,1395000,Portugal2003,1005.4,16.07
Portugal,2004,1389000,Portugal2004,690.79,15.67
Portugal,2005,1443000,Portugal2005,586.11,15.7
Portugal,2006,1440800,Portugal2006,1004.94,16.26
Portugal,2007,1452000,Portugal2007,681.62,15.54
Portugal,2008,1491000,Portugal2008,849.56,15.56
Portugal,2009,1495000,Portugal2009,919.56,16.22
Portugal,2010,1447000,Portugal2010,1335.84,15.74
Portugal,2011,1503000,Portugal2011,836.21,16.23
Portugal,2012,1497500,Portugal2012,737.72,15.78
Portugal,2013,1471000,Portugal2013,972.33,15.69
Portugal,2014,1549000,Portugal2014,998.85,16.2
Portugal,2015,1606000,Portugal2015,581.72,16.27
Portugal,2016,1635000,Portugal2016,984.18,16.12
Portugal,2017,1670000,Portugal2017,588.14,16.52
Portugal,2018,1632420,Portugal2018,996.79,15.8
Portugal,2019,1674970,Portugal2019,691.38,16.12
Portugal,2020,1691320,Portugal2020,823.56,16.42
Portugal,2021,1640650,Portugal2021,796.32,16.09
Romania,2000,3051000,Romania2000,446.36,10.53
Romania,2001,2870000,Romania2001,696.85,9.89
Romania,2002,2800000,Romania2002,610.16,10.46
Romania,2003,2878000,Romania2003,531.32,9.49
Romania,2004,2897000,Romania2004,727.55,9.72
Romania,2005,2808000,Romania2005,795.5,9.4
Romania,2006,2862000,Romania2006,667.42,9.64
Romania,2007,2934000,Romania2007,702.7,11.03
Romania,2008,2819000,Romania2008,628.0,10.73
Romania,2009,2684000,Romania2009,644.73,10.78
Romania,2010,2512300,Romania2010,831.02,10.17
Romania,2011,2001105,Romania2011,478.42,9.88
Romania,2012,1988939,Romania2012,603.7,10.57
Romania,2013,2009135,Romania2013,661.74,10.68
Romania,2014,2022408,Romania2014,769.08,11.05
Romania,2015,2068888,Romania2015,611.81,11.09
Romania,2016,2092414,Romania2016,732.64,10.62
Romania,2017,2049700,Romania2017,649.58,10.66
Romania,2018,1977200,Romania2018,642.89,11.21
Romania,2019,1923300,Romania2019,555.48,11.7
Romania,2020,1875200,Romania2020,628.35,11.3
Romania,2021,1826800,Romania2021,693.02,10.35
Slovakia,2000,665055,Slovakia2000,694.97,9.46
Slovakia,2001,646148,Slovakia2001,805.91,8.35
Slovakia,2002,625190,Slovakia2002,794.47,9.12
Slovakia,2003,607835,Slovakia2003,587.53,8.51
Slovakia,2004,593182,Slovakia2004,795.9,8.26
Slovakia,2005,540146,Slovakia2005,830.39,7.95
Slovakia,2006,527889,Slovakia2006,704.88,8.42
Slovakia,2007,507820,Slovakia2007,784.66,9.44
Slovakia,2008,501817,Slovakia2008,754.94,9.45
Slovakia,2009,488381,Slovakia2009,839.54,9.12
Slovakia,2010,471965,Slovakia2010,1108.74,8.1
Slovakia,2011,467125,Slovakia2011,606.58,8.84
Slovakia,2012,463358,Slovakia2012,661.49,9.01
Slovakia,2013,471091,Slovakia2013,780.59,8.94
Slovakia,2014,467820,Slovakia2014,849.39,10.07
Slovakia,2015,465543,Slovakia2015,675.05,9.82
Slovakia,2016,457586,Slovakia2016,901.74,9.2
Slovakia,2017,446112,Slovakia2017,797.31,9.08
Slovakia,2018,438860,Slovakia2018,706.6,10.05
Slovakia,2019,432250,Slovakia2019,769.31,10.14
Slovakia,2020,442290,Slovakia2020,844.38,9.63
Slovakia,2021,434090,Slovakia2021,734.42,8.78
Slovenia,2000,471425,Slovenia2000,1387.37,10.4
Slovenia,2001,493670,Slovenia2001,1223.98,9.58
Slovenia,2002,477075,Slovenia2002,1423.15,10.19
Slovenia,2003,473242,Slovenia2003,1046.42,9.86
Slovenia,2004,450226,Slovenia2004,1516.46,9.15
Slovenia,2005,451136,Slovenia2005,1396.25,8.78
Slovenia,2006,452517,Slovenia2006,1195.38,9.67
Slovenia,2007,454033,Slovenia2007,1293.64,10.3
Slovenia,2008,479581,Slovenia2008,1431.38,10.15
Slovenia,2009,469983,Slovenia2009,1504.02,10.05
Slovenia,2010,472878,Slovenia2010,1586.25,9.12
Slovenia,2011,470151,Slovenia2011,1048.25,10.3
Slovenia,2012,462300,Slovenia2012,1372.4,10.23
Slovenia,2013,460063,Slovenia2013,1591.09,9.88
Slovenia,2014,460576,Slovenia2014,1780.04,10.72
Slovenia,2015,468253,Slovenia2015,1434.19,10.57
Slovenia,2016,484192,Slovenia2016,1698.73,10.14
Slovenia,2017,488598,Slovenia2017,1545.1,10.12
Slovenia,2018,476810,Slovenia2018,1415.59,10.98
Slovenia,2019,483070,Slovenia2019,1618.71,10.88
Slovenia,2020,485610,Slovenia2020,1588.68,10.55
Slovenia,2021,482620,Slovenia2021,1300.8,9.9
Spain,2000,6216883,Spain2000,663.27,13.85
Spain,2001,6410780,Spain2001,614.29,13.94
Spain,2002,6477895,Spain2002,715.4,13.91
Spain,2003,6548379,Spain2003,730.99,14.31
Spain,2004,6653087,Spain2004,599.73,13.83
Spain,2005,6463430,Spain2005,468.28,13.68
Spain,2006,6184092,Spain2006,649.59,14.42
Spain,2007,6584980,Spain2007,588.88,13.72
Spain,2008,6020200,Spain2008,689.68,13.66
Spain,2009,6082400,Spain2009,619.67,14.33
Spain,2010,6075100,Spain2010,829.65,13.62
Spain,2011,5923200,Spain2011,545.81,14.43
Spain,2012,5812600,Spain2012,535.49,13.93
Spain,2013,5696910,Spain2013,699.14,13.77
Spain,2014,6078700,Spain2014,650.58,14.57
Spain,2015,6182908,Spain2015,498.11,14.52
Spain,2016,6257057,Spain2016,658.8,14.36
Spain,2017,6465747,Spain2017,479.59,14.62
Spain,2018,6510590,Spain2018,794.36,14.23
Spain,2019,6600330,Spain2019,580.81,14.42
Spain,2020,6636430,Spain2020,628.35,14.65
Spain,2021,6576300,Spain2021,632.75,14.25
Sweden,2000,1683700,Sweden2000,820.68,3.91
Sweden,2001,1651500,Sweden2001,714.02,2.65
Sweden,2002,1637465,Sweden2002,592.97,3.19
Sweden,2003,1606674,Sweden2003,577.82,3.14
Sweden,2004,1628464,Sweden2004,652.36,3.17
Sweden,2005,1604933,Sweden2005,632.63,3.5
Sweden,2006,1590409,Sweden2006,652.16,3.76
Sweden,2007,1559725,Sweden2007,683.13,3.6
Sweden,2008,1558381,Sweden2008,695.48,3.75
Sweden,2009,1538281,Sweden2009,660.26,3.09
Sweden,2010,1536700,Sweden2010,644.76,1.24
Sweden,2011,1511846,Sweden2011,684.42,3.96
Sweden,2012,1500293,Sweden2012,736.57,2.48
Sweden,2013,1496526,Sweden2013,587.59,3.32
Sweden,2014,1493119,Sweden2014,630.14,4.18
Sweden,2015,1428400,Sweden2015,690.14,3.91
Sweden,2016,1436050,Sweden2016,625.78,3.44
Sweden,2017,1448590,Sweden2017,678.22,3.16
Sweden,2018,1435450,Sweden2018,539.63,3.62
Sweden,2019,1404670,Sweden2019,682.36,3.34
Sweden,2020,1390960,Sweden2020,669.34,4.47
Sweden,2021,1389890,Sweden2021,608.87,3.02
